Timestamp,FPS,Delay_ms,TrackedFeatures,Pose_X,Pose_Z,Motion,Rotation
22:14:21.900,0.7,1211.5,0,0.0000,0.0000,Stationary,Stable
22:14:22.011,8.0,80.9,366,0.2682,0.9588,Forward,Clockwise
22:14:22.128,8.5,114.1,390,-0.3754,0.1949,Backward,Stable
22:14:22.231,9.7,100.7,394,0.3071,0.9239,Forward,Counter-Clockwise
22:14:22.326,10.6,91.8,403,1.2153,0.5713,Backward,Counter-Clockwise
22:14:22.421,10.4,93.4,408,1.8947,1.2972,Forward,Stable
22:14:22.513,10.9,89.5,411,1.5047,2.1035,Right,Tilt Down
22:14:22.614,9.9,98.7,412,1.0129,2.1830,Up,Stable
22:14:22.703,11.3,86.0,412,0.0816,2.4229,Backward,Clockwise
22:14:22.807,9.6,101.5,414,0.9417,2.3071,Backward,Stable
22:14:22.916,9.2,106.4,418,0.7287,1.3538,Up,Stable
22:14:23.036,8.3,117.7,418,-0.1374,0.9877,Right,Tilt Up
22:14:23.161,8.0,121.2,419,-0.6713,0.6781,Right,Tilt Up
22:14:23.282,8.2,116.6,419,-1.3724,0.6737,Forward,Stable
22:14:23.344,16.0,60.1,421,-2.2366,0.4888,Forward,Stable
22:14:23.423,12.8,50.3,423,-2.9135,0.6904,Forward,Clockwise
22:14:23.475,19.2,49.0,424,-2.9835,-0.1898,Up,Stable
22:14:23.524,20.3,46.6,424,-2.6891,0.5541,Forward,Counter-Clockwise
22:14:23.578,18.5,51.6,425,-3.2990,0.3484,Right,Tilt Up
22:14:23.630,19.5,49.7,425,-3.3359,0.4875,Right,Tilt Up
22:14:23.679,20.1,46.9,427,-3.6278,-0.3851,Up,Stable
22:14:23.724,22.4,41.2,427,-4.1417,-1.2218,Up,Pan Left
22:14:23.776,19.4,48.7,428,-3.4873,-1.5797,Forward,Stable
22:14:23.833,17.5,54.0,428,-3.1344,-0.8074,Up,Pan Left
22:14:23.903,14.2,65.5,428,-3.7505,-0.1425,Forward,Stable
22:14:23.967,15.7,60.9,428,-4.3564,0.5288,Forward,Counter-Clockwise
22:14:24.039,13.9,69.7,428,-3.8795,0.5922,Right,Stable
22:14:24.105,15.1,63.5,428,-3.7437,1.5728,Forward,Counter-Clockwise
22:14:24.171,15.1,64.4,430,-3.9172,1.7314,Right,Stable
22:14:24.228,17.5,54.7,430,-3.4881,1.2306,Backward,Stable
22:14:24.285,17.6,45.6,431,-4.1305,1.6714,Forward,Counter-Clockwise
22:14:24.336,19.6,48.4,431,-3.4891,0.9255,Up,Pan Left
22:14:24.384,21.0,46.0,433,-3.8844,0.1008,Forward,Stable
22:14:24.426,24.0,38.6,439,-3.3947,0.7458,Backward,Stable
22:14:24.467,24.1,38.9,440,-4.0027,1.4847,Up,Stable
22:14:24.516,20.5,45.5,443,-3.3541,2.0504,Backward,Stable
22:14:24.566,20.1,46.4,443,-3.7272,1.1368,Forward,Stable
22:14:24.619,18.7,51.0,443,-4.0596,0.3435,Forward,Stable
22:14:24.666,21.5,44.7,446,-4.3452,-0.5159,Forward,Stable
22:14:24.717,19.6,48.4,449,-3.9304,0.3050,Backward,Stable
22:14:24.768,19.3,50.2,452,-4.5865,-0.3694,Forward,Stable
22:14:24.817,20.5,47.0,454,-4.2160,0.4234,Backward,Stable
22:14:24.863,21.6,43.3,458,-3.7077,0.9368,Backward,Stable
22:14:24.921,17.5,54.0,458,-2.9811,1.3417,Backward,Stable
22:14:24.973,19.0,49.5,460,-2.4039,1.9608,Backward,Stable
22:14:25.018,22.5,42.6,462,-1.7106,2.4509,Backward,Stable
22:14:25.065,21.1,45.6,463,-1.6906,1.4916,Down,Stable
22:14:25.114,20.6,45.8,470,-1.9782,1.1193,Right,Stable
22:14:25.154,24.6,37.7,473,-2.7932,1.5827,Up,Pan Right
22:14:25.203,20.4,46.6,477,-2.2939,2.4324,Forward,Stable
22:14:25.253,20.3,46.2,479,-2.0534,3.3903,Forward,Stable
22:14:25.301,20.7,44.7,480,-2.5280,2.5128,Backward,Stable
22:14:25.352,19.7,47.7,493,-3.0067,1.6359,Backward,Stable
22:14:25.402,19.9,48.1,514,-3.4891,0.7602,Backward,Stable
22:14:25.449,21.3,43.9,514,-4.0423,-0.0677,Backward,Stable
22:14:25.487,25.9,35.3,513,-4.6380,-0.8551,Backward,Stable
22:14:25.526,25.9,35.9,513,-5.1349,-1.7227,Backward,Stable
22:14:25.572,21.7,42.8,513,-5.2717,-1.1413,Left,Stable
22:14:25.617,22.4,41.5,512,-4.5909,-0.4215,Forward,Stable
22:14:25.661,22.4,41.8,512,-4.8648,0.0011,Down,Stable
22:14:25.700,25.7,36.8,511,-5.4991,-0.5454,Backward,Stable
22:14:25.750,20.0,47.3,509,-6.1369,-1.0504,Backward,Stable
22:14:25.794,22.8,41.0,507,-6.5808,-1.9350,Backward,Stable
22:14:25.839,22.3,42.3,506,-6.0950,-1.0721,Forward,Stable
22:14:25.881,23.8,39.6,505,-5.6907,-0.1940,Forward,Stable
22:14:25.922,24.3,38.7,505,-5.3341,0.5180,Forward,Stable
22:14:25.975,19.0,49.7,505,-4.8531,1.3541,Forward,Stable
22:14:26.020,22.0,42.0,505,-4.3978,2.1976,Forward,Counter-Clockwise
22:14:26.064,23.0,39.9,505,-4.3469,1.9738,Right,Stable
22:14:26.100,27.6,33.8,505,-4.7001,1.0621,Up,Stable
22:14:26.146,21.6,43.0,505,-4.2226,0.4711,Right,Tilt Up
22:14:26.190,22.6,42.7,505,-3.3839,0.3210,Up,Stable
22:14:26.236,22.0,42.9,505,-3.4640,0.3253,Right,Tilt Down
22:14:26.274,25.9,35.8,505,-3.0682,-0.2877,Forward,Counter-Clockwise
22:14:26.318,23.0,41.0,505,-2.4993,0.0543,Up,Pan Right
22:14:26.362,22.8,41.2,505,-1.6465,-0.4562,Right,Tilt Down
22:14:26.410,20.9,45.0,505,-1.5823,-0.1588,Right,Stable
22:14:26.454,22.5,42.8,505,-2.4369,0.3016,Up,Pan Right
22:14:26.500,21.7,43.6,505,-1.8938,0.1013,Right,Tilt Down
22:14:26.547,21.5,44.0,505,-2.2148,0.1196,Right,Stable
22:14:26.597,19.8,47.1,505,-2.1524,0.5801,Forward,Counter-Clockwise
22:14:26.639,24.0,38.6,505,-2.9691,1.1109,Forward,Stable
22:14:26.679,25.1,37.3,505,-3.4752,1.8591,Forward,Stable
22:14:26.726,21.0,44.3,505,-3.8940,2.4729,Right,Stable
22:14:26.775,20.6,45.6,505,-4.5908,1.7990,Up,Pan Left
22:14:26.826,19.7,48.4,505,-3.9305,2.1443,Right,Tilt Down
22:14:26.872,21.5,43.8,505,-3.4507,2.9083,Forward,Stable
22:14:26.915,23.2,40.6,505,-3.1815,2.8667,Right,Stable
22:14:26.960,22.4,43.2,505,-2.7126,2.3674,Right,Tilt Down
22:14:27.014,18.6,50.9,505,-3.0257,3.2172,Up,Stable
22:14:27.055,24.6,38.0,505,-2.3520,3.5095,Right,Tilt Down
22:14:27.100,21.9,42.5,505,-2.0041,2.6073,Up,Stable
22:14:27.145,22.4,41.0,505,-1.4690,1.8643,Right,Tilt Down
22:14:27.190,22.2,42.5,505,-2.4013,1.5054,Right,Stable
22:14:27.235,22.1,41.6,505,-3.2205,0.9732,Right,Stable
22:14:27.284,20.5,46.3,505,-4.1532,0.6430,Right,Tilt Down
22:14:27.322,26.3,35.2,505,-4.9239,0.7047,Right,Stable
22:14:27.367,22.2,42.0,505,-5.8129,0.5105,Forward,Stable
22:14:27.414,21.3,43.8,505,-6.7840,0.4707,Forward,Stable
22:14:27.467,19.0,48.9,504,-7.6134,0.2808,Forward,Stable
22:14:27.512,22.1,41.4,504,-8.4179,0.1079,Forward,Stable
22:14:27.567,18.3,52.0,546,-9.4008,-0.0047,Right,Stable
22:14:27.612,22.1,42.4,545,-10.2030,0.1616,Right,Stable
22:14:27.657,22.2,42.2,545,-10.9561,0.2317,Right,Stable
22:14:27.709,19.1,49.6,544,-11.5142,0.3884,Right,Stable
22:14:27.756,21.4,45.2,544,-12.3650,0.2068,Forward,Stable
22:14:27.806,20.0,47.3,543,-13.2409,0.0489,Forward,Stable
22:14:27.849,23.4,40.7,543,-13.8862,-0.2232,Forward,Stable
22:14:27.901,19.1,49.2,543,-14.5112,-0.4788,Forward,Stable
22:14:27.951,20.0,46.5,543,-15.3778,-0.5212,Right,Stable
22:14:27.992,24.5,37.6,543,-16.0270,-0.4406,Right,Stable
22:14:28.043,19.5,48.8,536,-16.9679,-0.6487,Forward,Stable
22:14:28.094,19.9,47.9,535,-16.4545,-0.5794,Left,Stable
22:14:28.144,20.0,47.4,527,-17.1811,-0.5086,Right,Stable
22:14:28.191,21.0,45.5,526,-18.1217,-0.5166,Right,Stable
22:14:28.236,22.6,42.1,506,-19.0154,-0.6622,Right,Stable
22:14:28.283,21.0,44.6,577,-19.7403,-0.7093,Right,Stable
22:14:28.340,17.7,52.9,574,-20.4854,-0.9440,Forward,Stable
22:14:28.387,21.0,44.8,544,-20.8875,-1.1620,Forward,Stable
22:14:28.433,21.7,43.7,537,-21.5162,-1.3762,Forward,Stable
22:14:28.480,21.1,43.7,530,-22.3133,-1.5916,Forward,Stable
22:14:28.529,20.7,45.6,529,-23.0787,-1.9054,Forward,Stable
22:14:28.580,19.5,48.3,522,-22.1240,-1.6394,Backward,Stable
22:14:28.635,18.1,52.6,516,-22.9236,-1.9348,Forward,Clockwise
22:14:28.678,23.1,40.8,515,-22.5238,-2.6878,Forward,Stable
22:14:28.722,22.8,41.0,515,-21.7302,-2.1433,Right,Stable
22:14:28.768,21.9,42.5,515,-22.0509,-1.7658,Backward,Stable
22:14:28.816,21.0,44.3,515,-21.2507,-1.7476,Right,Tilt Down
22:14:28.855,25.4,35.9,515,-21.0216,-1.1376,Forward,Stable
22:14:28.899,22.5,41.7,515,-21.4331,-1.6916,Backward,Stable
22:14:28.941,24.1,38.1,515,-21.7984,-2.2025,Backward,Stable
22:14:28.979,26.6,35.7,515,-21.9041,-2.6774,Backward,Stable
22:14:29.028,20.0,46.9,515,-21.0393,-2.1758,Right,Tilt Up
22:14:29.078,20.1,47.6,513,-21.7483,-2.4462,Backward,Stable
22:14:29.121,23.2,39.8,512,-22.2620,-2.3117,Backward,Stable
22:14:29.159,26.5,34.8,512,-22.7785,-2.1726,Backward,Stable
22:14:29.201,23.5,39.8,511,-22.3402,-2.2321,Forward,Stable
22:14:29.250,20.8,45.1,511,-21.9491,-2.2673,Forward,Stable
22:14:29.296,21.5,44.0,511,-21.5581,-2.2994,Forward,Stable
22:14:29.345,20.2,46.1,511,-21.1638,-2.3331,Forward,Stable
22:14:29.386,24.4,37.8,511,-21.5932,-3.1300,Left,Stable
22:14:29.433,21.7,42.7,510,-21.1292,-3.3358,Forward,Stable
22:14:29.480,20.9,46.0,510,-21.4217,-4.0614,Left,Stable
22:14:29.524,23.0,40.8,510,-21.3520,-4.6400,Left,Stable
22:14:29.569,22.2,42.5,510,-22.1666,-5.0623,Backward,Stable
22:14:29.607,26.6,35.0,510,-22.5823,-5.8354,Left,Stable
22:14:29.647,24.6,38.0,510,-22.1937,-6.1495,Forward,Stable
22:14:29.693,21.8,42.9,510,-21.3832,-5.7820,Forward,Stable
22:14:29.739,21.6,42.7,510,-21.7155,-6.7052,Left,Stable
22:14:29.782,23.7,39.8,509,-21.4424,-5.8857,Right,Tilt Down
22:14:29.827,22.1,41.6,509,-21.8803,-5.0085,Left,Stable
22:14:29.872,22.3,42.4,509,-22.1633,-4.1320,Left,Stable
22:14:29.917,22.1,42.0,509,-21.7510,-4.9806,Right,Tilt Down
22:14:29.964,21.3,43.8,508,-21.3890,-5.5164,Left,Stable
22:14:30.011,21.3,44.1,508,-20.9837,-5.5916,Forward,Stable
22:14:30.054,23.0,40.4,508,-21.3558,-5.2419,Backward,Stable
22:14:30.096,23.9,39.1,508,-21.5682,-4.6752,Right,Tilt Down
22:14:30.144,20.9,45.3,508,-21.1436,-3.9964,Backward,Stable
22:14:30.193,20.3,46.5,508,-21.5589,-4.7142,Forward,Stable
22:14:30.239,21.9,43.1,506,-21.3401,-5.0363,Forward,Stable
22:14:30.290,19.4,48.5,506,-21.0254,-4.4236,Backward,Stable
22:14:30.329,25.6,36.5,506,-21.8331,-4.6461,Right,Tilt Down
22:14:30.377,21.0,44.9,506,-21.3661,-4.0960,Forward,Stable
22:14:30.422,22.4,41.6,506,-21.0302,-3.6539,Forward,Stable
22:14:30.471,20.3,46.1,506,-20.4711,-3.4807,Forward,Clockwise
22:14:30.516,22.5,42.0,503,-20.9926,-3.7030,Forward,Stable
22:14:30.555,25.3,36.6,503,-21.2839,-2.7656,Right,Tilt Down
22:14:30.611,18.0,48.4,503,-20.4344,-3.2822,Right,Tilt Down
22:14:30.661,19.7,48.1,503,-21.4049,-3.2214,Forward,Counter-Clockwise
22:14:30.707,22.2,43.5,503,-22.0698,-3.4714,Right,Tilt Up
22:14:30.744,26.8,35.8,503,-22.2257,-3.9358,Forward,Stable
22:14:30.790,21.8,42.9,503,-22.4020,-3.3428,Backward,Stable
22:14:30.836,21.7,42.8,503,-21.5018,-3.6244,Up,Stable
22:14:30.882,21.8,42.4,503,-22.3760,-3.3174,Down,Stable
22:14:30.931,20.4,46.0,503,-22.6760,-2.6986,Down,Stable
22:14:30.972,24.3,38.1,502,-22.6543,-2.1335,Backward,Stable
22:14:31.009,26.6,35.2,502,-22.4118,-1.6980,Backward,Stable
22:14:31.056,21.4,43.9,502,-22.3730,-1.0993,Backward,Stable
22:14:31.110,18.6,51.9,502,-22.8331,-0.3046,Down,Stable
22:14:31.161,19.5,49.4,502,-22.6716,0.1886,Backward,Stable
22:14:31.208,21.6,43.2,502,-22.5375,-0.4324,Forward,Stable
22:14:31.257,20.0,46.8,502,-23.2834,-0.3236,Forward,Stable
22:14:31.305,20.9,45.1,502,-23.4154,0.3466,Backward,Stable
22:14:31.349,23.1,40.9,501,-24.1008,1.0368,Down,Stable
22:14:31.398,20.3,46.0,501,-24.8936,1.6315,Down,Stable
22:14:31.438,25.0,38.3,501,-25.5774,2.3233,Down,Stable
22:14:31.479,24.4,38.6,501,-26.1535,2.2383,Forward,Stable
22:14:31.533,18.6,50.5,501,-26.7220,2.1278,Forward,Stable
22:14:31.584,19.3,48.0,501,-25.9409,1.5035,Up,Pan Right
22:14:31.627,23.5,39.9,501,-25.0635,1.8059,Forward,Stable
22:14:31.674,21.1,43.8,501,-24.4890,1.0297,Down,Stable
22:14:31.725,19.8,47.5,501,-23.5993,1.3105,Forward,Stable
22:14:31.769,22.8,41.4,501,-22.7382,1.6370,Forward,Stable
22:14:31.815,21.6,44.6,500,-21.7626,1.4427,Down,Stable
22:14:31.871,18.0,52.6,619,-20.8729,1.7687,Forward,Stable
22:14:31.926,18.2,51.7,608,-20.1310,2.2506,Forward,Stable
22:14:31.977,19.5,48.3,600,-19.9846,3.0896,Forward,Clockwise
22:14:32.016,25.8,36.2,598,-19.9038,3.2039,Up,Pan Right
22:14:32.060,22.5,41.1,598,-19.2281,2.4793,Right,Stable
22:14:32.104,23.0,40.2,598,-20.0380,1.9867,Backward,Stable
22:14:32.150,21.8,42.9,598,-20.3704,2.3638,Up,Stable
22:14:32.194,22.3,41.5,598,-19.5713,2.6988,Forward,Stable
22:14:32.237,23.5,40.0,598,-19.9347,3.0164,Up,Stable
22:14:32.278,24.1,39.4,598,-20.3317,3.4029,Up,Stable
22:14:32.321,23.7,39.5,598,-19.8241,3.2413,Down,Stable
22:14:32.367,21.4,43.7,598,-20.6010,2.6119,Backward,Stable
22:14:32.422,18.3,51.7,598,-20.8877,2.9657,Up,Stable
22:14:32.465,23.0,41.1,595,-20.5123,2.7603,Down,Stable
22:14:32.517,19.3,49.3,595,-20.8544,2.8720,Up,Stable
22:14:32.559,24.1,39.1,595,-21.5804,2.1881,Backward,Stable
22:14:32.601,23.5,39.8,595,-21.8627,2.4751,Up,Stable
22:14:32.651,20.1,46.5,595,-22.0873,2.7425,Up,Stable
22:14:32.701,20.1,46.7,594,-21.6875,2.7233,Down,Stable
22:14:32.745,22.5,42.1,593,-22.2903,2.3192,Up,Stable
22:14:32.793,21.0,44.6,593,-22.9551,1.8102,Backward,Stable
22:14:32.840,21.2,45.0,593,-22.2740,2.5231,Forward,Stable
22:14:32.884,22.7,42.3,593,-21.6774,3.3183,Forward,Clockwise
22:14:32.928,22.8,41.4,593,-22.6107,3.6694,Forward,Stable
22:14:32.971,23.4,41.1,593,-22.7256,4.2892,Up,Stable
22:14:33.018,21.0,44.7,593,-23.6477,4.6479,Forward,Stable
22:14:33.068,20.3,45.8,593,-24.5698,5.0198,Forward,Clockwise
22:14:33.116,20.7,45.8,593,-24.3471,5.4567,Up,Stable
22:14:33.162,21.6,43.7,593,-23.6226,6.1179,Forward,Counter-Clockwise
22:14:33.207,22.4,41.1,593,-23.7797,5.9563,Down,Stable
22:14:33.258,19.5,48.3,593,-24.1471,6.6212,Up,Stable
22:14:33.302,23.0,40.2,593,-23.9984,7.5588,Up,Stable
22:14:33.354,19.2,49.5,593,-23.0183,7.4038,Backward,Stable
22:14:33.406,19.2,49.3,593,-23.9739,7.4564,Forward,Stable
22:14:33.457,19.5,48.1,593,-22.9853,7.3074,Backward,Stable
22:14:33.502,22.0,42.3,593,-23.9523,7.3267,Forward,Stable
22:14:33.553,19.7,48.4,592,-24.9009,7.0111,Forward,Stable
22:14:33.607,18.6,51.3,591,-23.9714,6.6920,Backward,Stable
22:14:33.658,19.7,47.9,590,-23.0144,6.4147,Backward,Stable
22:14:33.705,21.0,44.7,587,-23.7033,6.9489,Forward,Stable
22:14:33.756,19.6,48.2,581,-24.6631,7.2100,Forward,Stable
22:14:33.806,20.1,48.1,578,-25.5597,7.5568,Forward,Stable
22:14:33.853,21.2,43.8,573,-24.6433,7.2654,Backward,Stable
22:14:33.898,22.5,41.3,572,-25.5093,7.4224,Forward,Stable
22:14:33.950,19.2,50.6,572,-25.3868,8.2075,Up,Stable
22:14:33.994,22.7,41.6,572,-26.3810,8.1157,Forward,Clockwise
22:14:34.036,23.4,40.3,572,-27.3317,8.0185,Backward,Stable
22:14:34.082,22.2,42.6,570,-28.3241,7.9918,Backward,Stable
22:14:34.124,23.3,38.9,570,-29.3203,7.9886,Backward,Stable
22:14:34.174,20.2,47.4,569,-30.2138,7.9835,Backward,Stable
22:14:34.218,22.6,41.4,569,-31.2032,8.0772,Backward,Stable
22:14:34.263,22.3,42.2,569,-31.0530,7.2516,Down,Stable
22:14:34.309,21.7,43.1,569,-32.0064,6.9937,Backward,Stable
22:14:34.348,25.6,36.1,567,-33.0038,7.0024,Backward,Stable
22:14:34.395,21.3,43.8,567,-33.9930,7.0679,Backward,Stable
22:14:34.438,23.4,40.4,567,-33.0885,6.9277,Forward,Stable
22:14:34.482,22.5,42.0,566,-32.8809,6.3165,Right,Stable
22:14:34.529,21.6,43.9,566,-32.5974,5.8280,Right,Stable
22:14:34.571,23.9,39.8,564,-32.7067,5.3239,Right,Stable
22:14:34.619,20.5,45.8,564,-33.6791,5.5507,Backward,Stable
22:14:34.666,21.5,43.8,564,-33.8600,5.0289,Right,Stable
22:14:34.719,18.9,50.3,563,-33.9239,4.4267,Right,Stable
22:14:34.762,23.1,40.9,563,-34.8491,4.7518,Backward,Stable
22:14:34.798,28.0,32.9,563,-34.0007,4.3530,Forward,Stable
22:14:34.843,22.3,42.2,562,-34.9645,4.6161,Backward,Stable
22:14:34.889,21.7,43.2,562,-34.1161,4.1836,Forward,Stable
22:14:34.932,23.0,41.1,561,-35.0672,4.4877,Backward,Stable
22:14:34.973,24.5,37.8,560,-34.3830,4.8517,Left,Stable
22:14:35.017,22.8,41.5,560,-35.3509,4.8177,Backward,Stable
22:14:35.061,22.7,40.2,560,-36.2061,4.4946,Backward,Stable
22:14:35.109,20.7,45.8,560,-35.2576,4.1794,Forward,Stable
22:14:35.160,19.9,46.5,560,-34.3663,3.9624,Forward,Stable
22:14:35.198,26.1,36.5,560,-35.2676,4.1168,Backward,Stable
22:14:35.241,23.3,39.6,560,-34.2720,4.0234,Forward,Stable
22:14:35.280,25.3,37.2,560,-35.2395,3.8196,Backward,Stable
22:14:35.325,22.2,42.0,560,-34.4439,3.4931,Forward,Stable
22:14:35.374,20.4,46.4,560,-34.2806,4.3298,Up,Stable
22:14:35.415,24.9,37.5,559,-35.2762,4.4198,Backward,Stable
22:14:35.451,27.8,34.0,558,-36.2719,4.3641,Backward,Stable
22:14:35.494,22.9,40.9,558,-37.2375,4.1158,Backward,Stable
22:14:35.539,22.1,42.8,557,-36.2836,3.8352,Forward,Stable
22:14:35.582,23.3,40.5,555,-35.2990,3.6957,Forward,Stable
22:14:35.625,23.2,39.5,555,-34.8105,3.2287,Right,Stable
22:14:35.671,22.0,42.8,555,-34.7640,2.6173,Right,Stable
22:14:35.716,22.2,42.7,555,-35.7283,2.5207,Backward,Stable
22:14:35.764,21.0,44.4,555,-36.0779,2.4248,Left,Stable
22:14:35.809,22.0,42.5,554,-35.0838,2.4572,Forward,Stable
22:14:35.843,29.6,31.1,554,-36.0422,2.5570,Backward,Stable
22:14:35.900,17.4,42.3,554,-35.0549,2.4803,Forward,Stable
22:14:35.957,17.6,53.6,554,-34.0910,2.2376,Forward,Stable
22:14:35.999,23.9,38.7,554,-33.1339,1.9560,Forward,Stable
22:14:36.035,27.7,33.0,553,-32.6180,1.3120,Down,Stable
22:14:36.080,22.2,42.3,552,-32.2943,0.6121,Right,Stable
22:14:36.125,21.9,41.3,552,-31.3615,0.2707,Forward,Stable
22:14:36.169,22.8,39.5,552,-32.3497,0.1633,Backward,Stable
22:14:36.208,25.7,36.4,552,-33.3198,0.3442,Backward,Stable
22:14:36.249,24.3,37.8,552,-34.1579,0.6531,Backward,Stable
22:14:36.289,25.3,36.1,552,-35.0540,0.7843,Backward,Stable
22:14:36.326,26.8,34.8,552,-34.0951,0.5115,Forward,Stable
22:14:36.373,21.2,44.7,552,-33.1674,0.1514,Forward,Stable
22:14:36.414,24.4,37.9,551,-32.7318,-0.0771,Right,Stable
22:14:36.457,23.5,39.6,548,-31.7339,-0.0139,Forward,Stable
22:14:36.499,23.7,39.5,548,-31.9565,0.2581,Up,Stable
22:14:36.545,22.0,43.1,548,-31.9979,0.1717,Left,Stable
22:14:36.586,24.2,38.7,548,-32.9648,0.1895,Backward,Stable
22:14:36.626,25.2,37.4,546,-32.9283,1.1698,Left,Stable
22:14:36.666,24.7,37.7,544,-32.6935,2.1094,Up,Pan Right
22:14:36.705,25.5,36.8,542,-33.5275,2.4195,Forward,Stable
22:14:36.743,26.5,35.0,536,-34.3937,2.6785,Forward,Stable
22:14:36.783,25.1,37.2,535,-33.8775,2.6545,Backward,Stable
22:14:36.825,23.7,39.5,534,-33.7700,2.0269,Backward,Stable
22:14:36.868,23.4,39.9,532,-33.9760,2.1309,Forward,Stable
22:14:36.911,23.3,40.1,531,-34.2267,1.9413,Forward,Stable
22:14:36.950,25.2,36.8,530,-34.6231,2.5765,Right,Stable
22:14:36.997,21.4,44.1,530,-34.2494,2.4450,Backward,Stable
22:14:37.035,26.4,35.2,529,-34.3452,2.2260,Backward,Stable
22:14:37.077,23.6,39.2,528,-34.0842,2.6378,Right,Stable
22:14:37.119,23.9,39.0,528,-34.7872,2.7384,Forward,Stable
22:14:37.162,23.3,39.5,527,-35.2251,2.6958,Forward,Stable
22:14:37.201,26.0,35.4,527,-36.0089,2.9813,Forward,Stable
22:14:37.240,25.3,37.3,527,-36.4516,3.7291,Right,Stable
22:14:37.280,25.0,30.4,527,-36.7213,3.7381,Forward,Stable
22:14:37.324,23.0,40.2,527,-37.4296,3.9467,Forward,Stable
22:14:37.364,25.1,37.1,527,-37.0460,3.5576,Backward,Stable
22:14:37.401,26.7,34.8,524,-36.8172,2.7137,Up,Stable
22:14:37.437,28.0,33.5,522,-37.5024,2.6562,Forward,Stable
22:14:37.484,21.1,44.3,520,-37.0077,2.2037,Backward,Stable
22:14:37.525,24.8,38.0,519,-36.3952,1.7628,Backward,Stable
22:14:37.563,26.0,36.0,519,-37.2601,1.9908,Forward,Stable
22:14:37.602,25.8,35.2,518,-36.7248,1.2914,Left,Stable
22:14:37.638,27.4,33.5,517,-37.6486,1.4760,Forward,Stable
22:14:37.681,23.2,40.0,516,-38.5363,1.6541,Forward,Stable
22:14:37.723,24.2,38.7,506,-39.4549,1.9695,Forward,Stable
22:14:37.771,20.8,44.4,582,-38.8848,1.2538,Left,Stable
22:14:37.812,24.4,38.1,574,-39.3863,1.7801,Right,Stable
22:14:37.848,27.7,33.1,560,-40.3131,2.1273,Forward,Stable
22:14:37.887,25.9,36.0,552,-40.6828,2.6308,Right,Stable
22:14:37.930,23.2,39.2,548,-41.5726,3.0743,Forward,Stable
22:14:37.979,20.1,47.3,528,-42.1365,3.6000,Right,Stable
22:14:38.020,24.7,37.7,513,-42.4927,4.1208,Right,Stable
22:14:38.062,23.7,39.2,511,-43.1834,4.6387,Right,Stable
22:14:38.109,21.3,43.7,505,-43.5871,5.2257,Right,Stable
22:14:38.166,17.7,53.5,557,-44.5000,5.6273,Right,Stable
22:14:38.213,20.9,43.8,555,-45.1336,6.1306,Right,Stable
22:14:38.255,24.3,38.8,539,-45.9674,6.4838,Forward,Stable
22:14:38.291,27.4,33.7,537,-46.6551,7.0436,Right,Stable
22:14:38.336,22.1,42.3,537,-47.1890,7.5165,Right,Stable
22:14:38.378,24.1,38.2,537,-47.7315,8.1141,Right,Stable
22:14:38.417,25.1,37.7,536,-48.5750,8.3183,Forward,Stable
22:14:38.456,26.1,35.4,536,-49.4179,8.5298,Forward,Stable
22:14:38.492,27.2,34.1,536,-49.2152,8.7193,Backward,Stable
22:14:38.534,23.9,39.3,535,-49.9640,8.9550,Forward,Stable
22:14:38.583,20.7,46.1,534,-50.8490,9.1615,Forward,Stable
22:14:38.629,21.6,42.7,534,-50.0247,9.2250,Backward,Stable
22:14:38.668,25.6,36.5,534,-49.4477,8.7948,Backward,Stable
22:14:38.705,27.3,30.6,534,-49.7609,9.1134,Right,Tilt Up
22:14:38.739,28.7,31.9,534,-49.9971,9.0145,Right,Tilt Down
22:14:38.787,21.0,44.3,534,-49.4336,9.1785,Backward,Stable
22:14:38.830,23.3,39.6,534,-48.7089,9.1036,Left,Stable
22:14:38.878,20.9,44.5,534,-48.0862,8.9540,Left,Stable
22:14:38.924,21.7,43.2,534,-48.8194,9.0543,Right,Tilt Down
22:14:38.967,23.2,40.5,533,-48.4499,9.0595,Left,Stable
22:14:39.016,20.4,45.9,529,-48.3682,9.2573,Left,Stable
22:14:39.056,24.9,36.3,529,-48.3118,9.4973,Left,Stable
22:14:39.102,21.9,42.9,526,-48.2464,9.8357,Left,Stable
22:14:39.147,22.3,42.1,525,-48.4185,9.5802,Right,Stable
22:14:39.199,19.3,48.2,525,-48.0891,9.8632,Left,Stable
22:14:39.239,24.6,37.8,521,-48.9451,9.9890,Forward,Stable
22:14:39.282,23.5,39.4,511,-49.7787,10.4372,Forward,Stable
22:14:39.325,23.3,39.9,511,-49.2882,10.6587,Left,Stable
22:14:39.369,22.9,40.7,504,-48.3119,10.6495,Backward,Stable
22:14:39.412,22.8,41.3,503,-49.1002,11.1630,Forward,Stable
22:14:39.450,26.5,35.2,502,-48.5733,11.5902,Left,Stable
22:14:39.498,20.9,44.8,636,-48.3790,12.1603,Left,Stable
22:14:39.535,27.2,33.8,630,-49.1131,12.7523,Forward,Stable
22:14:39.575,24.6,37.1,627,-49.7374,13.4771,Forward,Stable
22:14:39.625,20.3,46.5,625,-50.3831,14.1877,Forward,Stable
22:14:39.671,21.6,43.2,624,-51.1267,14.8182,Forward,Stable
22:14:39.714,23.4,40.5,620,-50.5818,15.3865,Left,Stable
22:14:39.758,22.5,41.4,617,-50.7220,16.2476,Left,Stable
22:14:39.798,24.9,37.4,613,-51.0301,15.4079,Right,Stable
22:14:39.841,23.3,40.0,612,-50.7040,16.1215,Left,Stable
22:14:39.894,19.0,49.6,612,-51.0851,15.5256,Right,Stable
22:14:39.937,23.0,40.7,611,-51.6763,16.2852,Forward,Stable
22:14:39.984,21.4,43.9,611,-51.8960,17.1696,Up,Pan Left
22:14:40.031,21.2,44.5,611,-51.5833,17.3227,Right,Tilt Down
22:14:40.070,25.7,36.8,611,-50.6947,17.3700,Right,Stable
22:14:40.114,22.7,40.7,611,-50.9980,17.8903,Forward,Stable
22:14:40.155,24.2,39.0,611,-50.0819,17.8822,Right,Tilt Down
22:14:40.198,23.4,39.2,611,-51.0029,18.2405,Backward,Stable
22:14:40.245,21.1,44.4,611,-50.8825,18.3713,Right,Stable
22:14:40.290,22.3,41.0,609,-50.7827,18.5152,Right,Stable
22:14:40.338,20.9,44.8,608,-50.7182,18.4934,Right,Stable
22:14:40.381,23.2,40.5,605,-50.4832,18.5046,Right,Stable
22:14:40.426,22.2,41.4,605,-50.9141,18.7247,Right,Stable
22:14:40.461,28.8,31.9,605,-50.4800,18.5935,Right,Stable
22:14:40.496,28.8,32.2,605,-49.9740,18.4047,Right,Stable
22:14:40.536,24.4,38.0,605,-49.3851,18.1710,Right,Stable
22:14:40.580,22.8,41.3,604,-49.7750,18.1695,Right,Stable
22:14:40.620,25.1,37.5,603,-50.1687,18.1905,Right,Stable
22:14:40.658,26.2,35.0,602,-50.9817,18.3807,Backward,Stable
22:14:40.694,28.1,32.4,600,-51.1777,18.2733,Right,Stable
22:14:40.736,23.8,39.8,598,-50.8805,18.0061,Right,Stable
22:14:40.783,21.1,44.4,593,-50.4736,17.6635,Right,Stable
22:14:40.828,22.4,41.4,593,-50.9914,17.5941,Right,Stable
22:14:40.871,23.0,40.9,590,-50.9340,17.1046,Right,Stable
22:14:40.912,24.9,37.4,590,-51.4773,16.9399,Right,Stable
22:14:40.950,25.9,36.3,587,-51.2892,16.4712,Right,Stable
22:14:41.003,19.1,49.4,586,-52.1114,16.4009,Backward,Stable
22:14:41.046,22.7,41.6,585,-52.0904,16.0114,Right,Tilt Down
22:14:41.087,24.8,37.7,585,-52.2318,16.4684,Right,Tilt Down
22:14:41.138,19.4,48.3,585,-51.8778,16.1961,Right,Stable
22:14:41.176,26.7,34.4,584,-51.4009,15.5960,Right,Tilt Down
22:14:41.224,20.9,38.0,584,-52.3585,15.4639,Backward,Stable
22:14:41.258,29.1,32.0,584,-53.0779,16.0368,Right,Stable
22:14:41.299,24.8,37.8,584,-54.0759,16.0808,Right,Stable
22:14:41.338,25.1,37.4,584,-54.9784,16.2393,Right,Tilt Down
22:14:41.373,28.6,32.3,583,-55.6515,16.3274,Right,Tilt Down
22:14:41.415,24.0,38.9,583,-56.5827,15.9827,Right,Stable
22:14:41.459,22.6,41.6,583,-56.7230,15.5102,Backward,Stable
22:14:41.503,22.7,41.7,583,-55.8201,15.4199,Left,Stable
22:14:41.542,26.2,35.2,583,-55.0342,15.1734,Left,Stable
22:14:41.578,27.5,33.4,583,-56.0005,15.0451,Right,Stable
22:14:41.624,21.8,43.1,583,-55.0657,15.0457,Left,Stable
22:14:41.672,20.9,45.1,583,-54.1405,15.0226,Left,Stable
22:14:41.715,22.9,40.8,582,-53.1956,15.0724,Left,Stable
22:14:41.762,21.4,44.3,580,-52.4451,15.6319,Forward,Stable
22:14:41.805,23.3,40.2,577,-51.5524,15.7167,Left,Stable
22:14:41.844,25.6,36.6,576,-52.3173,15.6796,Right,Stable
22:14:41.884,25.3,37.6,576,-51.6399,15.6862,Left,Stable
22:14:41.923,25.5,36.5,575,-52.4214,15.8328,Right,Stable
22:14:41.965,23.5,39.0,575,-53.2702,15.4606,Right,Tilt Down
22:14:42.004,25.9,35.8,575,-53.2436,14.6234,Forward,Stable
22:14:42.043,25.8,36.7,575,-53.2814,13.7874,Forward,Stable
22:14:42.090,21.3,43.3,575,-53.9975,14.4762,Right,Stable
22:14:42.125,28.1,33.2,575,-54.6343,14.9854,Right,Tilt Up
22:14:42.167,24.2,38.2,575,-54.5077,15.7144,Forward,Stable
22:14:42.208,24.2,38.0,575,-54.4926,16.5067,Forward,Stable
22:14:42.246,26.2,35.5,575,-54.4155,17.0389,Forward,Stable
22:14:42.284,26.3,35.0,575,-53.9001,17.5490,Forward,Stable
22:14:42.326,24.2,38.7,575,-54.8692,17.7778,Up,Pan Right
22:14:42.363,26.9,34.9,575,-55.2375,17.4345,Forward,Stable
22:14:42.407,22.6,41.6,575,-54.2560,17.4120,Up,Pan Left
22:14:42.448,24.6,38.6,575,-53.5693,17.5673,Forward,Stable
22:14:42.485,26.6,35.0,575,-53.0887,16.6985,Right,Tilt Up
22:14:42.533,21.2,44.2,574,-53.6427,16.2194,Forward,Stable
22:14:42.572,25.5,36.2,574,-54.2017,16.0263,Up,Pan Right
22:14:42.613,24.1,35.5,574,-53.3967,16.1125,Forward,Stable
22:14:42.649,27.8,33.4,574,-53.0267,15.8960,Up,Pan Right
22:14:42.687,26.4,35.1,574,-53.9201,16.2263,Forward,Stable
22:14:42.724,27.0,33.9,574,-53.3246,15.7012,Right,Tilt Down
22:14:42.766,23.6,39.1,574,-53.1617,16.6776,Up,Pan Left
22:14:42.809,23.5,39.4,574,-53.4728,17.3362,Right,Tilt Up
22:14:42.841,31.0,29.7,574,-52.6810,17.8827,Forward,Stable
22:14:42.890,20.7,39.5,574,-53.2954,18.1555,Up,Pan Left
22:14:42.929,25.5,36.2,574,-53.1679,17.5040,Up,Stable
22:14:42.973,22.8,41.5,574,-54.0166,17.9910,Forward,Counter-Clockwise
22:14:43.009,27.2,33.5,574,-53.7990,17.6686,Up,Pan Left
22:14:43.049,25.4,36.8,574,-53.6216,17.3157,Up,Pan Right
22:14:43.094,22.3,42.1,574,-52.6234,17.2606,Right,Stable
22:14:43.132,26.2,35.0,574,-51.6326,17.1255,Right,Tilt Up
22:14:43.166,29.1,31.8,574,-51.3828,16.7067,Up,Pan Left
22:14:43.209,23.1,40.5,574,-51.6968,16.0474,Right,Stable
22:14:43.253,22.9,41.4,574,-52.4446,16.6647,Up,Stable
22:14:43.295,23.8,38.8,574,-52.1053,17.1198,Forward,Stable
22:14:43.331,27.8,32.6,574,-52.8382,17.7707,Up,Pan Right
22:14:43.367,28.2,33.0,574,-52.5341,18.5123,Right,Stable
22:14:43.410,23.0,39.8,574,-52.0135,18.1779,Up,Pan Left
22:14:43.458,20.8,45.3,574,-52.3518,18.6881,Up,Pan Right
22:14:43.502,22.8,40.4,574,-52.0870,19.5055,Right,Tilt Down
22:14:43.543,24.0,38.8,574,-52.5260,20.3743,Up,Pan Right
22:14:43.577,29.6,31.0,574,-51.6170,20.6461,Up,Pan Left
22:14:43.618,24.7,38.0,574,-51.4513,20.9213,Up,Stable
22:14:43.658,25.1,36.7,574,-50.5827,21.0913,Forward,Stable
22:14:43.699,24.1,38.3,574,-50.3308,21.3107,Up,Pan Left
22:14:43.744,22.3,41.9,574,-49.3789,21.2681,Backward,Stable
22:14:43.784,24.8,37.4,574,-49.6296,22.0215,Right,Stable
22:14:43.820,27.8,33.1,574,-49.9356,22.9556,Right,Stable
22:14:43.853,30.1,30.7,574,-49.5202,23.8340,Right,Stable
22:14:43.894,24.5,38.0,574,-49.6578,24.7895,Right,Tilt Up
22:14:43.934,25.3,37.1,574,-49.3874,23.8533,Right,Tilt Up
22:14:43.979,22.2,42.4,574,-50.2974,23.5810,Forward,Stable
22:14:44.017,25.8,35.5,574,-49.4250,23.5786,Backward,Stable
22:14:44.051,29.9,30.8,574,-50.1699,23.0787,Forward,Stable
22:14:44.090,25.2,36.9,574,-50.7587,23.8211,Right,Stable
22:14:44.132,24.3,38.0,574,-49.8242,23.7957,Backward,Stable
22:14:44.174,23.9,38.8,574,-50.5641,23.2744,Forward,Stable
22:14:44.217,23.0,40.5,574,-49.7076,23.6933,Backward,Stable
22:14:44.254,26.8,34.2,574,-49.5170,24.6231,Right,Tilt Down
22:14:44.290,28.4,32.3,574,-50.0727,24.9079,Forward,Counter-Clockwise
22:14:44.328,26.2,35.3,574,-50.0963,25.6122,Forward,Stable
22:14:44.368,24.8,38.0,574,-49.2691,25.0626,Right,Tilt Up
22:14:44.407,25.6,36.3,574,-48.5455,25.7405,Right,Stable
22:14:44.450,23.4,39.5,574,-48.6155,24.9741,Forward,Counter-Clockwise
22:14:44.484,28.9,31.9,574,-48.4833,25.7652,Up,Stable
22:14:44.520,28.1,32.6,574,-49.3089,25.9516,Right,Stable
22:14:44.556,27.9,32.9,574,-49.2171,26.9370,Up,Stable
22:14:44.599,23.3,39.7,574,-48.6605,26.6515,Forward,Stable
22:14:44.641,23.6,39.9,574,-49.1643,27.4812,Right,Tilt Up
22:14:44.682,24.3,38.7,574,-49.9694,26.9848,Up,Pan Left
22:14:44.717,28.9,32.1,574,-49.7385,27.5004,Right,Tilt Down
22:14:44.754,27.1,34.3,574,-49.2038,27.2357,Forward,Stable
22:14:44.797,23.1,40.9,574,-49.8527,27.8998,Right,Tilt Down
22:14:44.837,24.8,37.6,574,-49.2372,28.1817,Forward,Stable
22:14:44.875,26.2,35.3,574,-49.1160,27.7936,Forward,Stable
22:14:44.914,26.2,34.9,574,-49.3703,26.9421,Right,Stable
22:14:44.947,29.6,31.2,574,-49.5621,26.0476,Right,Stable
22:14:44.988,24.5,37.9,574,-50.1232,25.2255,Right,Tilt Up
22:14:45.029,24.8,37.6,574,-50.4498,24.4817,Forward,Counter-Clockwise
22:14:45.071,23.6,39.2,574,-49.7757,24.6474,Forward,Clockwise
22:14:45.114,23.3,39.5,574,-50.4534,24.6744,Forward,Stable
22:14:45.157,23.0,35.4,574,-51.1428,24.5797,Forward,Stable
22:14:45.192,29.0,32.3,573,-51.8677,24.4967,Forward,Clockwise
22:14:45.235,22.8,40.7,573,-52.7518,24.8361,Right,Tilt Down
22:14:45.276,25.0,36.9,573,-51.9482,24.5656,Forward,Counter-Clockwise
22:14:45.310,28.9,32.2,573,-51.5590,24.7981,Right,Tilt Down
22:14:45.348,26.7,35.1,573,-52.4517,25.2116,Forward,Stable
22:14:45.387,25.5,36.6,573,-53.3376,25.5898,Forward,Clockwise
22:14:45.434,21.0,40.5,573,-53.2260,26.5833,Forward,Stable
22:14:45.475,24.3,37.6,573,-53.1259,26.4499,Right,Tilt Up
22:14:45.518,23.5,40.1,573,-52.7240,25.5548,Forward,Stable
22:14:45.552,29.4,30.4,573,-52.2284,24.6864,Forward,Counter-Clockwise
22:14:45.586,29.3,31.4,572,-51.9279,23.7684,Forward,Stable
22:14:45.623,27.4,33.3,572,-51.5795,22.8679,Forward,Stable
22:14:45.663,24.5,37.9,572,-51.2198,21.9917,Forward,Clockwise
22:14:45.704,24.8,37.4,572,-50.9684,21.0502,Forward,Stable
22:14:45.743,25.8,35.9,572,-51.1228,21.3751,Right,Stable
22:14:45.780,26.4,34.9,572,-50.8390,20.5329,Forward,Stable
22:14:45.824,23.2,40.1,572,-51.3751,20.9693,Right,Stable
22:14:45.867,23.1,40.2,572,-51.8186,21.8064,Backward,Stable
22:14:45.913,21.7,43.5,571,-52.4470,22.5239,Backward,Stable
22:14:45.952,25.3,37.3,571,-52.5663,23.2564,Backward,Stable
22:14:45.995,23.7,39.0,571,-52.6535,24.0522,Right,Tilt Down
22:14:46.033,26.0,34.8,571,-51.9175,24.6741,Forward,Stable
22:14:46.070,26.9,34.0,571,-52.0023,23.9394,Right,Tilt Down
22:14:46.111,24.9,37.5,571,-51.9255,24.9271,Backward,Stable
22:14:46.154,23.1,40.7,571,-51.9817,23.9433,Forward,Counter-Clockwise
22:14:46.196,23.8,39.6,571,-52.6304,24.5828,Backward,Stable
22:14:46.236,24.9,37.1,571,-53.1891,25.2605,Backward,Stable
22:14:46.275,25.9,36.6,571,-53.8006,25.8403,Backward,Stable
22:14:46.319,22.5,41.7,571,-53.2542,25.1525,Forward,Stable
22:14:46.356,27.2,33.3,571,-53.8419,25.7478,Backward,Stable
22:14:46.396,25.1,37.5,571,-53.3205,25.0564,Forward,Stable
22:14:46.445,20.1,46.3,563,-52.8018,24.4611,Forward,Stable
22:14:46.486,24.7,37.6,561,-52.2725,23.7604,Forward,Stable
22:14:46.530,22.7,41.5,559,-52.8812,24.4290,Backward,Stable
22:14:46.572,23.5,40.3,559,-53.1193,24.3644,Left,Stable
22:14:46.613,24.9,37.6,559,-53.3243,24.7015,Left,Stable
22:14:46.651,25.9,35.9,559,-53.9790,25.4478,Backward,Stable
22:14:46.698,21.3,44.1,559,-53.8718,26.0379,Left,Stable
22:14:46.738,24.9,36.7,558,-54.4589,25.2453,Down,Stable
22:14:46.778,25.0,37.5,557,-54.0763,24.4648,Forward,Stable
22:14:46.828,20.2,41.9,557,-53.5420,23.6709,Forward,Stable
22:14:46.872,22.5,41.7,557,-52.9362,22.9562,Forward,Stable
22:14:46.912,25.3,36.0,557,-52.4978,22.2121,Forward,Stable
22:14:46.954,23.8,39.0,556,-52.0419,21.6478,Forward,Counter-Clockwise
22:14:46.992,26.4,35.2,556,-51.5661,20.8757,Forward,Stable
22:14:47.037,21.8,43.3,556,-52.0252,21.5914,Backward,Stable
22:14:47.081,22.8,41.4,556,-52.4619,22.3041,Backward,Stable
22:14:47.127,21.7,42.2,556,-52.8541,23.0335,Backward,Stable
22:14:47.167,25.1,38.1,556,-53.2067,23.9601,Backward,Stable
22:14:47.216,20.5,45.5,556,-52.8193,23.0595,Forward,Stable
22:14:47.263,21.5,42.7,556,-53.1360,23.8574,Backward,Stable
22:14:47.314,19.4,49.7,556,-52.8621,22.9125,Forward,Stable
22:14:47.356,23.7,40.3,556,-53.7583,23.1900,Backward,Stable
22:14:47.402,21.9,40.2,556,-53.6613,22.1949,Forward,Stable
22:14:47.446,23.0,41.8,556,-52.8852,21.7282,Forward,Counter-Clockwise
22:14:47.485,25.5,36.5,556,-52.7963,21.0966,Forward,Stable
22:14:47.530,22.0,42.2,556,-52.7360,20.6991,Forward,Counter-Clockwise
22:14:47.568,26.2,36.3,556,-52.8573,20.6283,Forward,Stable
22:14:47.617,20.5,45.5,556,-52.4300,21.2972,Right,Tilt Down
22:14:47.663,22.1,43.3,556,-52.0676,21.4015,Right,Stable
22:14:47.707,22.6,41.0,556,-53.0645,21.3466,Forward,Clockwise
22:14:47.747,24.8,38.7,556,-53.7852,20.7462,Right,Stable
22:14:47.794,21.3,44.0,556,-52.8254,21.0093,Forward,Stable
22:14:47.841,21.4,44.4,556,-52.6397,20.4213,Right,Tilt Up
22:14:47.881,25.0,37.9,556,-52.1665,21.0002,Forward,Stable
22:14:47.920,25.4,36.5,556,-52.8024,20.5619,Backward,Stable
22:14:47.956,27.4,33.3,556,-52.5089,21.1842,Forward,Stable
22:14:47.998,24.1,39.5,555,-52.0495,22.0574,Up,Stable
22:14:48.034,28.1,33.2,555,-51.3421,22.6745,Forward,Counter-Clockwise
22:14:48.077,23.0,41.0,555,-51.5266,23.4738,Forward,Counter-Clockwise
22:14:48.180,9.7,99.6,555,-52.2620,22.8642,Left,Stable
22:14:48.281,9.9,97.4,555,-52.0733,23.8269,Right,Tilt Up
22:14:48.371,11.1,87.7,555,-52.8512,24.3401,Backward,Stable
22:14:48.462,11.0,88.2,555,-53.4641,23.5617,Right,Tilt Up
22:14:48.550,11.4,85.4,555,-52.8077,22.8513,Forward,Stable
22:14:48.641,11.0,88.7,555,-52.0786,22.1938,Forward,Stable
22:14:48.727,11.6,81.9,555,-51.5388,21.3627,Forward,Stable
22:14:48.821,10.6,91.8,554,-52.0342,20.5831,Left,Stable
22:14:48.904,12.1,80.7,554,-52.2500,19.8662,Left,Stable
22:14:48.995,11.0,89.2,554,-52.7183,19.2234,Left,Stable
22:14:49.067,13.8,70.0,553,-52.0084,18.5456,Forward,Stable
22:14:49.157,11.1,87.5,553,-51.7419,17.6335,Left,Stable
22:14:49.251,10.6,91.7,552,-51.9582,18.6097,Right,Stable
22:14:49.352,10.0,98.0,552,-52.7844,19.1200,Backward,Stable
22:14:49.433,12.2,79.4,552,-51.7932,19.0353,Forward,Stable
22:14:49.525,10.9,89.6,552,-51.1054,19.4790,Up,Pan Right
22:14:49.623,10.2,95.4,551,-51.1030,18.7172,Backward,Stable
22:14:49.719,10.4,93.9,551,-51.3007,18.0235,Right,Stable
22:14:49.799,12.5,77.4,551,-51.3155,17.2506,Right,Tilt Up
22:14:49.895,10.4,93.1,551,-51.3506,16.5250,Forward,Clockwise
22:14:49.985,11.1,87.7,551,-51.1839,15.5841,Forward,Stable
22:14:50.067,12.2,79.9,551,-50.8439,15.0135,Forward,Stable
22:14:50.125,17.1,50.8,551,-50.4169,14.2811,Forward,Stable
22:14:50.172,21.3,43.8,550,-50.7678,14.9592,Backward,Stable
22:14:50.213,24.3,37.6,549,-50.7160,15.9225,Right,Tilt Up
22:14:50.256,23.5,39.9,548,-50.3332,16.1182,Right,Tilt Up
22:14:50.301,22.1,41.8,543,-51.0101,16.5130,Up,Pan Left
22:14:50.350,20.4,46.9,538,-51.3254,16.8371,Forward,Stable
22:14:50.396,21.6,42.9,538,-50.3978,16.7191,Up,Stable
22:14:50.432,28.5,32.5,537,-50.2734,17.0327,Forward,Stable
22:14:50.465,30.0,30.7,537,-49.9641,16.7847,Backward,Stable
22:14:50.529,15.5,47.6,537,-50.2538,17.1426,Forward,Stable
22:14:50.573,22.9,40.2,537,-50.6327,16.4408,Right,Tilt Up
22:14:50.616,23.2,40.3,537,-51.5879,16.2828,Right,Stable
22:14:50.656,25.1,37.4,537,-51.9706,15.5465,Forward,Stable
22:14:50.689,30.0,30.3,537,-52.2054,14.7913,Forward,Stable
22:14:50.735,21.8,42.5,537,-52.5952,14.0494,Forward,Stable
22:14:50.772,26.7,35.3,537,-53.3026,14.5229,Right,Tilt Down
22:14:50.811,25.7,35.8,537,-52.8750,15.2645,Forward,Stable
22:14:50.846,28.9,32.9,537,-52.5354,15.9945,Forward,Stable
22:14:50.882,27.5,34.8,537,-52.0671,16.7496,Forward,Stable
22:14:50.921,26.0,35.2,537,-52.1271,16.0717,Up,Pan Right
22:14:50.964,23.3,40.4,537,-52.5818,15.4985,Forward,Stable
22:14:50.999,28.1,33.9,537,-52.3224,16.1818,Backward,Stable
22:14:51.649,1.5,41.9,537,-52.5654,15.5179,Forward,Stable
22:14:51.697,21.2,45.2,536,-52.3444,14.9418,Forward,Stable
22:14:51.740,22.8,41.2,536,-52.7748,14.7576,Forward,Clockwise
22:14:51.790,20.3,46.4,536,-52.9066,14.1076,Right,Stable
22:14:51.834,22.3,43.2,536,-53.1345,13.3539,Right,Stable
22:14:51.881,21.5,42.9,536,-54.0168,13.7274,Backward,Stable
22:14:51.921,25.0,38.3,536,-54.0762,13.0078,Right,Tilt Down
22:14:51.968,21.3,45.0,536,-53.5955,13.4435,Forward,Counter-Clockwise
22:14:52.013,22.4,41.6,536,-54.2877,13.6545,Right,Tilt Down
22:14:52.058,21.9,42.3,536,-53.9648,13.5013,Right,Stable
22:14:52.102,22.9,41.9,536,-54.6948,12.9217,Forward,Clockwise
22:14:52.147,22.4,41.7,536,-54.6509,12.1365,Up,Pan Left
22:14:52.183,27.2,34.2,536,-54.4787,12.4843,Right,Tilt Up
22:14:52.216,30.8,29.6,536,-55.4164,12.1412,Forward,Stable
22:14:52.249,30.6,29.6,536,-54.8316,11.7508,Right,Stable
22:14:52.288,25.3,37.0,536,-55.5457,11.8660,Forward,Counter-Clockwise
22:14:52.355,15.0,62.7,536,-55.3503,11.7540,Forward,Stable
22:14:52.412,17.3,54.0,536,-55.3165,12.7113,Up,Pan Right
22:14:52.472,16.8,55.7,536,-56.0791,12.9476,Forward,Stable
22:14:52.534,16.0,60.2,536,-56.2460,13.3993,Right,Stable
22:14:52.594,16.8,57.0,536,-56.7988,13.6029,Forward,Counter-Clockwise
22:14:52.649,18.3,52.4,536,-57.0555,14.0620,Right,Stable
22:14:52.700,19.5,48.9,536,-56.9398,14.9571,Forward,Stable
22:14:52.763,15.8,61.3,536,-56.3491,15.3315,Right,Stable
22:14:52.816,19.0,50.2,536,-56.0833,15.8524,Forward,Counter-Clockwise
22:14:52.880,15.5,60.9,536,-57.0732,15.8958,Forward,Stable
22:14:52.937,17.8,53.0,536,-56.1081,15.8785,Backward,Stable
22:14:52.999,16.0,60.4,536,-56.9189,16.1626,Forward,Counter-Clockwise
22:14:53.057,17.4,55.3,536,-56.7185,16.2195,Right,Stable
22:14:53.116,16.8,57.3,536,-57.0724,16.4979,Right,Stable
22:14:53.179,15.9,60.9,536,-57.2193,16.6351,Right,Tilt Down
22:14:53.243,15.6,62.0,536,-56.5572,16.1786,Right,Stable
22:14:53.313,14.4,67.1,536,-55.9669,15.9111,Right,Tilt Down
22:14:53.368,17.9,53.7,536,-56.3844,15.0560,Backward,Stable
22:14:53.433,15.6,62.2,536,-55.9292,15.3691,Right,Stable
22:14:53.497,15.6,61.7,536,-55.6583,15.5612,Right,Stable
22:14:53.563,15.2,62.3,536,-55.3388,15.8176,Right,Stable
22:14:53.620,17.4,55.4,536,-54.8446,16.6869,Forward,Stable
22:14:53.677,17.5,54.3,536,-54.4468,16.9459,Right,Tilt Down
22:14:53.742,15.4,62.9,536,-54.6041,17.6884,Backward,Stable
22:14:53.798,17.7,53.2,536,-54.3778,16.9077,Forward,Stable
22:14:53.864,15.2,62.7,536,-54.8163,17.8040,Backward,Stable
22:14:53.927,16.1,59.9,536,-55.0697,18.5775,Backward,Stable
22:14:53.991,15.7,61.6,536,-55.3226,19.3389,Backward,Stable
22:14:54.048,17.3,55.6,536,-55.1757,18.9816,Right,Tilt Up
22:14:54.115,14.9,63.6,536,-54.7991,19.9052,Forward,Stable
22:14:54.174,17.1,56.2,536,-55.0532,20.3223,Right,Stable
22:14:54.238,15.6,62.0,536,-54.8906,21.2855,Forward,Clockwise
22:14:54.297,17.0,56.5,536,-54.7119,21.6190,Right,Stable
22:14:54.364,14.8,65.2,536,-54.5344,21.8137,Right,Tilt Up
22:14:54.428,15.8,61.2,536,-54.5073,21.4834,Right,Stable
22:14:54.489,16.4,58.7,536,-54.5901,21.2150,Right,Stable
22:14:54.549,16.7,57.4,536,-54.6780,20.9222,Right,Stable
22:14:54.607,17.0,56.6,536,-54.9547,20.0086,Forward,Stable
22:14:54.663,18.1,52.9,536,-55.0316,19.7358,Right,Tilt Up
22:14:54.726,15.9,61.2,536,-55.7054,19.0757,Up,Pan Left
22:14:54.788,15.9,60.5,536,-56.3238,18.3623,Right,Stable
22:14:54.848,16.6,57.6,536,-55.7163,19.1560,Up,Stable
22:14:54.912,15.7,60.5,536,-55.8962,18.7347,Right,Tilt Down
22:14:54.975,15.8,60.9,536,-55.8075,19.2521,Right,Stable
22:14:55.032,17.7,54.3,536,-56.2235,19.9050,Right,Tilt Down
22:14:55.095,15.7,61.4,536,-56.3819,20.6397,Up,Stable
22:14:55.158,15.9,60.8,536,-55.5132,20.8317,Right,Tilt Down
22:14:55.221,15.9,59.5,536,-54.6858,20.2726,Right,Stable
22:14:55.278,17.7,53.8,536,-53.7197,20.2216,Right,Stable
22:14:55.343,15.4,62.0,536,-52.7528,20.1599,Right,Tilt Down
22:14:55.407,15.6,60.1,536,-52.4722,20.9159,Right,Tilt Down
22:14:55.469,16.2,59.7,536,-52.7023,21.8608,Forward,Counter-Clockwise
22:14:55.531,16.0,60.3,536,-51.9288,21.2784,Right,Stable
22:14:55.588,17.6,54.5,536,-52.0158,20.8409,Forward,Stable
22:14:55.647,17.0,55.2,536,-51.2664,20.2366,Right,Stable
22:14:55.710,16.0,60.5,536,-50.3275,20.1286,Right,Stable
22:14:55.771,16.3,58.2,536,-50.0837,19.2205,Right,Stable
22:14:55.836,15.4,62.5,536,-49.3420,18.6394,Right,Stable
22:14:55.896,16.5,58.5,536,-49.2225,17.7102,Right,Tilt Up
22:14:55.959,15.9,60.7,536,-48.6129,17.3225,Forward,Stable
22:14:56.021,16.4,58.9,536,-48.6507,18.3074,Right,Stable
22:14:56.080,16.9,55.9,536,-48.6099,19.1157,Right,Stable
22:14:56.132,19.1,49.6,536,-48.6011,20.1063,Right,Tilt Up
22:14:56.193,16.4,58.0,536,-48.0277,19.3097,Right,Stable
22:14:56.248,18.1,51.8,536,-47.6795,19.5526,Up,Pan Left
22:14:56.310,16.2,58.5,536,-48.3293,20.2420,Forward,Stable
22:14:56.372,16.1,59.4,536,-48.2821,19.8709,Right,Stable
22:14:56.427,18.2,52.6,536,-48.7074,20.5226,Forward,Stable
22:14:56.484,17.7,54.4,536,-48.5513,21.0595,Right,Stable
22:14:56.540,17.9,53.7,536,-48.4270,20.4104,Right,Stable
22:14:56.602,16.0,59.0,536,-48.3086,20.9138,Right,Tilt Down
22:14:56.660,17.4,55.2,536,-49.0791,20.3532,Right,Stable
22:14:56.722,15.9,59.5,536,-50.0227,20.0475,Right,Tilt Up
22:14:56.785,16.0,60.3,536,-50.9659,19.8063,Right,Stable
22:14:56.839,18.5,51.7,536,-51.0048,20.5715,Forward,Counter-Clockwise
22:14:56.897,17.2,55.1,536,-51.6803,19.8861,Up,Pan Left
22:14:56.949,19.3,48.8,536,-51.5782,18.8918,Forward,Stable
22:14:57.008,16.8,56.0,536,-51.9441,18.9051,Right,Tilt Up
22:14:57.071,16.0,59.6,536,-51.6122,18.5743,Right,Tilt Up
22:14:57.124,18.8,51.5,536,-51.2502,19.0979,Right,Tilt Down
22:14:57.183,16.9,56.3,536,-51.3709,18.8790,Right,Tilt Down
22:14:57.234,19.6,49.5,536,-52.0528,19.0733,Right,Stable
22:14:57.294,16.6,57.5,536,-52.3459,18.9827,Right,Stable
22:14:57.353,17.2,56.1,536,-52.5811,18.1217,Forward,Stable
22:14:57.409,17.8,52.7,536,-53.0815,17.2827,Forward,Stable
22:14:57.469,16.5,58.0,536,-52.9352,16.3310,Forward,Stable
22:14:57.531,16.2,59.1,536,-53.3643,17.2330,Up,Stable
22:14:57.593,16.2,58.7,536,-53.6537,16.9494,Right,Tilt Up
22:14:57.653,16.6,58.2,536,-52.8272,17.1566,Right,Tilt Up
22:14:57.718,15.4,62.8,536,-53.2660,16.2883,Forward,Clockwise
22:14:57.780,16.3,59.2,536,-53.2068,16.2668,Right,Tilt Down
22:14:57.836,17.8,53.9,536,-53.2487,15.2979,Right,Tilt Down
22:14:57.892,17.7,53.0,536,-54.0072,15.6830,Forward,Counter-Clockwise
22:14:57.951,17.0,57.0,536,-53.0786,15.3433,Forward,Stable
22:14:58.013,16.0,59.8,536,-52.6383,16.1894,Right,Tilt Down
22:14:58.075,16.3,59.2,536,-52.2035,15.3252,Right,Tilt Down
22:14:58.126,19.4,49.5,536,-52.1481,15.8957,Right,Stable
22:14:58.182,18.1,51.5,536,-51.1940,15.5983,Forward,Clockwise
22:14:58.244,16.0,59.4,536,-51.4332,15.2117,Forward,Stable
22:14:58.300,17.9,53.4,536,-51.6575,16.1372,Right,Tilt Down
22:14:58.362,16.1,59.5,536,-51.4704,16.4341,Forward,Clockwise
22:14:58.425,16.0,60.3,536,-51.8842,16.5829,Forward,Counter-Clockwise
22:14:58.482,17.5,54.9,536,-51.4038,17.1069,Forward,Clockwise
22:14:58.546,15.5,61.0,536,-51.8435,17.9965,Up,Stable
22:14:58.603,17.6,54.7,536,-51.2824,17.1926,Right,Tilt Up
22:14:58.665,16.2,58.4,536,-51.3149,18.1524,Right,Stable
22:14:58.733,14.8,64.0,536,-51.4472,19.1297,Right,Tilt Down
22:14:58.792,16.9,56.9,536,-52.0725,18.8777,Forward,Stable
22:14:58.858,15.1,64.2,536,-51.2064,18.6235,Right,Stable
22:14:58.920,16.1,59.7,536,-51.5445,19.5548,Up,Pan Right
22:14:58.980,16.8,57.5,536,-51.4757,20.2902,Right,Stable
22:14:59.042,16.1,60.0,536,-50.9404,19.8934,Up,Pan Right
22:14:59.099,17.6,54.5,536,-51.3133,19.5232,Forward,Stable
22:14:59.155,17.8,52.4,536,-51.7230,18.8711,Right,Tilt Up
22:14:59.219,15.7,61.2,536,-52.3025,19.2811,Right,Tilt Down
22:14:59.279,16.6,58.0,536,-52.9175,18.8468,Forward,Counter-Clockwise
22:14:59.342,15.9,59.6,536,-52.5562,19.7761,Up,Pan Left
22:14:59.405,16.0,60.5,536,-53.3448,20.1764,Right,Tilt Down
22:14:59.459,18.3,51.1,536,-52.7606,20.6521,Backward,Stable
22:14:59.519,16.7,57.2,536,-53.3222,19.9997,Right,Stable
22:14:59.576,17.5,54.9,536,-54.1611,19.7324,Forward,Stable
22:14:59.638,16.3,58.3,536,-53.9801,19.4650,Forward,Clockwise
22:14:59.696,17.1,56.9,536,-53.2910,19.1584,Forward,Counter-Clockwise
22:14:59.755,17.0,56.3,536,-53.2209,19.8455,Up,Pan Left
22:14:59.815,16.6,57.4,536,-52.3162,20.1260,Right,Tilt Down
22:14:59.880,15.5,62.5,536,-52.8866,19.7247,Forward,Counter-Clockwise
22:14:59.940,16.4,58.5,536,-52.4099,18.8781,Forward,Counter-Clockwise
22:15:00.001,16.5,58.5,536,-51.8269,18.5351,Right,Tilt Down
22:15:00.068,15.0,63.3,536,-51.1414,19.1193,Right,Tilt Down
22:15:00.126,17.3,55.5,536,-51.7268,19.2346,Up,Pan Left
22:15:00.189,15.7,61.1,536,-51.3284,18.3192,Backward,Stable
22:15:00.251,16.1,60.0,536,-52.1526,18.7476,Forward,Counter-Clockwise
22:15:00.312,16.4,58.2,536,-53.0462,18.4284,Right,Tilt Down
22:15:00.376,15.7,61.4,536,-53.1553,17.5249,Forward,Clockwise
22:15:00.431,18.2,51.2,536,-52.2629,17.8922,Right,Stable
22:15:00.488,17.4,55.0,536,-51.3581,17.9363,Right,Tilt Up
22:15:00.542,18.8,51.0,536,-50.5700,18.1209,Right,Tilt Down
22:15:00.595,18.6,52.0,536,-49.8809,18.1406,Right,Tilt Down
22:15:00.657,16.2,58.5,536,-49.6112,17.5471,Right,Tilt Up
22:15:00.712,18.1,53.1,536,-50.2186,16.7827,Forward,Stable
22:15:00.770,17.5,53.9,536,-50.1896,15.8043,Right,Tilt Up
22:15:00.828,17.1,55.4,536,-51.1203,15.5518,Forward,Counter-Clockwise
22:15:00.885,17.5,54.3,536,-50.7755,16.4544,Right,Stable
22:15:00.949,15.7,60.2,536,-49.8057,16.6005,Forward,Stable
22:15:01.006,17.5,55.0,536,-50.0807,17.3832,Right,Stable
22:15:01.062,17.8,54.1,536,-49.1006,17.4816,Forward,Stable
22:15:01.127,15.4,62.0,536,-49.0379,18.4777,Right,Tilt Up
22:15:01.187,16.8,57.4,536,-49.2702,18.7536,Forward,Stable
22:15:01.242,18.1,53.1,536,-48.8803,17.9783,Right,Stable
22:15:01.305,15.9,59.5,536,-49.0897,18.2592,Forward,Counter-Clockwise
22:15:01.369,15.5,61.9,536,-49.9535,18.5217,Forward,Counter-Clockwise
22:15:01.433,15.6,60.7,536,-49.6669,18.0946,Up,Pan Right
22:15:01.491,17.2,54.9,536,-49.1968,18.8649,Forward,Stable
22:15:01.548,17.7,54.0,536,-49.0898,19.8022,Right,Stable
22:15:01.612,15.7,61.2,536,-48.3633,20.0595,Forward,Stable
22:15:01.665,18.7,50.2,536,-48.2731,20.9875,Right,Stable
22:15:01.720,18.2,52.4,536,-47.6783,21.7534,Right,Stable
22:15:01.782,16.3,58.1,536,-47.3432,22.6238,Right,Tilt Down
22:15:01.845,15.8,61.1,536,-47.2680,21.6930,Right,Stable
22:15:01.900,18.2,52.9,536,-47.6772,22.0309,Backward,Stable
22:15:01.959,16.9,57.3,536,-47.0660,21.6778,Forward,Stable
22:15:02.019,16.9,57.3,536,-47.4479,21.0668,Right,Tilt Up
22:15:02.071,19.1,50.1,536,-46.6070,21.2443,Right,Stable
22:15:02.133,16.1,59.6,536,-47.3221,21.6366,Up,Stable
22:15:02.193,16.7,57.7,536,-47.3079,21.0157,Forward,Clockwise
22:15:02.247,18.6,50.7,536,-48.2223,20.6513,Right,Tilt Down
22:15:02.301,18.6,51.3,536,-47.3204,21.0832,Forward,Stable
22:15:02.362,16.4,58.1,536,-47.7885,21.6181,Right,Stable
22:15:02.420,17.0,56.5,536,-47.5854,22.4294,Forward,Stable
22:15:02.478,17.5,55.1,536,-48.2410,22.9631,Right,Stable
22:15:02.531,18.7,50.8,536,-48.9700,23.5551,Right,Stable
22:15:02.585,18.7,51.3,536,-49.5673,24.3555,Right,Stable
22:15:02.643,17.1,54.8,536,-48.9091,25.0909,Forward,Stable
22:15:02.703,16.8,56.4,536,-49.2856,25.6462,Right,Tilt Up
22:15:02.757,18.5,51.7,536,-49.7439,24.8024,Right,Stable
22:15:02.816,16.7,56.4,536,-50.0172,23.8566,Right,Stable
22:15:02.879,16.1,59.2,536,-50.3648,23.1122,Right,Tilt Up
22:15:02.942,15.6,61.8,536,-51.0870,23.8004,Right,Tilt Down
22:15:03.002,16.8,56.6,536,-50.8443,23.2518,Right,Tilt Up
22:15:03.056,18.4,52.1,536,-50.9950,24.1338,Right,Tilt Up
22:15:03.116,16.8,57.5,536,-51.0790,23.3677,Forward,Stable
22:15:03.172,17.7,54.2,536,-51.5049,23.0082,Forward,Stable
22:15:03.220,20.9,45.0,536,-50.5232,22.8527,Right,Stable
22:15:03.281,16.4,58.3,536,-49.6639,22.7653,Right,Stable
22:15:03.338,17.6,54.5,536,-49.7808,22.7367,Forward,Stable
22:15:03.399,16.3,59.1,536,-48.7826,22.6966,Right,Stable
22:15:03.450,19.5,48.3,536,-49.1354,23.2137,Up,Pan Right
22:15:03.510,16.7,56.7,536,-49.5235,23.3122,Right,Stable
22:15:03.567,17.4,54.4,536,-50.0512,23.0959,Right,Stable
22:15:03.628,16.4,58.7,536,-50.2802,22.8223,Right,Stable
22:15:03.691,16.0,60.3,536,-50.9292,22.5400,Right,Tilt Down
22:15:03.739,21.1,45.1,536,-50.0141,22.9432,Forward,Clockwise
22:15:03.798,16.7,56.5,536,-50.4349,23.5971,Up,Pan Left
22:15:03.859,16.5,58.4,536,-49.8655,24.3571,Forward,Stable
22:15:03.906,21.2,44.7,536,-49.7035,23.6346,Right,Stable
22:15:03.959,18.8,50.2,536,-49.7912,22.9900,Right,Tilt Up
22:15:04.017,17.3,55.5,536,-48.8500,22.6928,Forward,Stable
22:15:04.069,19.1,50.0,536,-48.2996,22.0102,Forward,Stable
22:15:04.126,17.5,55.1,536,-48.6406,22.6252,Right,Tilt Up
22:15:04.185,17.0,56.3,536,-48.6626,21.8248,Right,Tilt Up
22:15:04.246,16.5,57.5,536,-49.3345,21.2998,Right,Stable
22:15:04.309,15.9,60.8,536,-50.2353,20.9375,Right,Tilt Down
22:15:04.369,16.6,57.9,536,-51.1156,20.9547,Right,Stable
22:15:04.424,18.1,53.1,536,-51.4369,21.0931,Backward,Counter-Clockwise
22:15:04.488,15.7,61.7,536,-51.2089,21.7737,Right,Tilt Up
22:15:04.544,17.7,54.3,536,-50.7723,22.6137,Up,Stable
22:15:04.600,18.1,53.3,536,-50.4831,21.7729,Right,Tilt Down
22:15:04.653,18.7,50.9,536,-50.3264,22.2682,Forward,Stable
22:15:04.706,19.0,49.5,536,-50.6258,23.0278,Right,Tilt Down
22:15:04.769,15.7,60.1,536,-50.0192,23.7621,Up,Stable
22:15:04.814,22.1,42.8,536,-50.1417,22.9966,Right,Stable
22:15:04.873,17.0,57.3,536,-50.0606,22.6338,Forward,Stable
22:15:04.925,19.2,49.8,536,-50.4654,21.8471,Right,Stable
22:15:04.974,20.6,45.8,536,-50.2239,21.0672,Forward,Clockwise
22:15:05.031,17.5,53.6,536,-50.3559,20.5079,Forward,Stable
22:15:05.083,19.1,50.0,536,-50.6515,19.7851,Forward,Counter-Clockwise
22:15:05.135,19.2,48.8,536,-50.3028,19.1916,Right,Tilt Down
22:15:05.191,18.0,52.6,536,-49.8552,20.0245,Forward,Stable
22:15:05.251,16.7,57.3,536,-49.9443,20.3380,Right,Stable
22:15:05.305,18.6,51.5,536,-50.4630,20.9252,Right,Stable
22:15:05.356,19.4,49.2,536,-50.0520,21.7011,Forward,Clockwise
22:15:05.422,15.3,62.8,536,-50.0996,22.1940,Right,Stable
22:15:05.482,16.5,58.5,536,-50.3159,21.2298,Up,Stable
22:15:05.536,18.5,51.4,536,-50.5172,21.8684,Right,Stable
22:15:05.594,17.4,54.6,536,-50.7572,20.9079,Up,Stable
22:15:05.649,18.1,52.7,536,-50.6370,21.7314,Right,Stable
22:15:05.709,16.7,56.6,536,-50.8445,20.7860,Up,Pan Right
22:15:05.770,16.4,58.9,536,-51.8059,20.8509,Backward,Stable
22:15:05.830,16.6,58.0,536,-51.0552,20.5715,Forward,Stable
22:15:05.889,17.0,56.4,536,-51.4747,19.7078,Right,Stable
22:15:05.954,15.4,61.1,536,-51.8325,18.8331,Right,Tilt Down
22:15:06.009,18.1,53.1,536,-52.4381,19.4388,Right,Stable
22:15:06.073,15.7,60.1,536,-52.7396,19.6399,Forward,Clockwise
22:15:06.128,18.0,53.1,536,-53.2530,20.4866,Right,Tilt Down
22:15:06.190,16.2,58.4,536,-52.9248,19.9559,Up,Stable
22:15:06.251,16.4,58.6,536,-52.6930,18.9832,Right,Stable
22:15:06.313,16.2,59.3,536,-52.0960,19.5422,Up,Stable
22:15:06.372,16.7,57.7,536,-51.7124,18.7784,Right,Stable
22:15:06.428,18.1,52.9,536,-52.7079,18.8563,Forward,Clockwise
22:15:06.489,16.2,58.2,536,-53.4100,19.5074,Up,Stable
22:15:06.551,16.1,59.3,536,-52.6231,20.1243,Forward,Clockwise
22:15:06.617,15.1,64.0,536,-53.5655,20.4484,Forward,Clockwise
22:15:06.680,16.1,60.0,536,-52.7017,20.4379,Forward,Counter-Clockwise
22:15:06.741,16.4,58.5,536,-52.5781,21.2849,Forward,Clockwise
22:15:06.797,17.7,54.2,536,-51.7104,21.2070,Right,Stable
22:15:06.861,15.5,61.5,536,-50.7874,20.8256,Right,Tilt Up
22:15:06.917,17.9,53.7,536,-51.5879,20.6391,Forward,Stable
22:15:06.976,17.1,55.1,536,-52.5444,20.3492,Forward,Stable
22:15:07.032,17.9,53.0,536,-52.4761,19.5640,Right,Stable
22:15:07.091,16.7,56.6,536,-53.4366,19.3145,Forward,Stable
22:15:07.155,15.9,60.9,536,-53.4167,18.6221,Right,Tilt Down
22:15:07.216,16.3,58.5,536,-52.6099,18.9208,Backward,Stable
22:15:07.273,17.6,54.6,536,-51.8493,19.4323,Right,Stable
22:15:07.326,18.8,50.6,536,-51.0433,19.9111,Right,Stable
22:15:07.387,16.3,58.3,536,-51.0947,19.0020,Up,Pan Right
22:15:07.443,17.9,52.7,536,-51.5827,18.6514,Right,Stable
22:15:07.505,16.1,59.5,536,-51.8502,18.3843,Right,Stable
22:15:07.560,18.3,52.5,536,-52.0579,19.1240,Up,Pan Left
22:15:07.622,16.0,59.2,536,-52.4031,20.0553,Right,Stable
22:15:07.684,16.2,59.7,536,-51.5909,20.5905,Forward,Counter-Clockwise
22:15:07.739,18.2,52.6,536,-50.9898,21.3808,Right,Tilt Down
22:15:07.797,17.3,54.8,536,-50.2616,20.8675,Right,Tilt Down
22:15:07.856,17.0,56.7,536,-49.5502,21.5631,Right,Stable
22:15:07.912,17.7,54.3,536,-50.2232,22.2852,Forward,Stable
22:15:07.964,19.5,48.4,536,-49.5095,22.9779,Right,Tilt Down
22:15:08.016,19.0,49.6,536,-49.4598,21.9944,Forward,Stable
22:15:08.064,20.8,45.6,536,-48.9009,21.5657,Right,Tilt Up
22:15:08.115,19.7,48.0,536,-49.2523,22.4780,Forward,Stable
22:15:08.171,17.9,52.6,536,-48.7040,22.9642,Right,Tilt Up
22:15:08.233,16.0,60.1,536,-48.0310,22.4868,Right,Stable
22:15:08.292,17.1,56.3,536,-47.2470,21.9713,Right,Tilt Down
22:15:08.356,15.7,61.1,536,-46.7775,22.4636,Right,Stable
22:15:08.410,18.4,51.8,536,-46.3787,23.1037,Right,Stable
22:15:08.466,17.9,53.5,536,-46.5956,23.2680,Up,Pan Right
22:15:08.528,16.1,59.8,536,-46.0535,22.4477,Forward,Clockwise
22:15:08.589,16.4,58.8,536,-46.4783,22.2918,Up,Pan Right
22:15:08.651,16.1,60.0,536,-46.4103,23.0846,Forward,Clockwise
22:15:08.707,18.0,53.3,536,-45.5463,22.6313,Right,Stable
22:15:08.767,16.7,58.0,536,-44.6238,22.9814,Right,Stable
22:15:08.828,16.4,58.9,536,-43.6625,23.2441,Right,Tilt Up
22:15:08.885,17.5,55.0,536,-43.1040,23.7159,Up,Pan Right
22:15:08.946,16.5,58.5,536,-43.8038,24.4234,Right,Stable
22:15:09.010,15.5,62.2,536,-44.2218,25.1355,Right,Stable
22:15:09.063,18.9,50.7,536,-45.1865,24.8742,Up,Pan Right
22:15:09.118,18.3,51.8,536,-45.0523,24.9264,Up,Stable
22:15:09.179,16.3,57.8,536,-44.3929,24.1746,Right,Tilt Down
22:15:09.239,16.5,58.4,536,-44.0719,24.7724,Right,Tilt Down
22:15:09.290,19.5,48.8,536,-44.1821,23.9390,Right,Tilt Down
22:15:09.352,16.3,59.4,536,-44.6540,24.7802,Right,Tilt Up
22:15:09.415,15.7,61.4,536,-44.5179,23.8599,Right,Stable
22:15:09.478,16.0,60.3,536,-44.4922,22.9539,Right,Stable
22:15:09.536,17.2,55.8,536,-44.6163,22.1209,Forward,Clockwise
22:15:09.596,16.6,57.6,536,-45.4198,22.5655,Up,Stable
22:15:09.650,18.7,51.4,536,-45.9072,21.8750,Right,Stable
22:15:09.710,16.5,57.9,536,-46.8502,21.9351,Right,Stable
22:15:09.768,17.5,54.2,536,-46.6625,22.7443,Up,Stable
22:15:09.828,16.5,58.5,536,-47.4750,22.4373,Right,Stable
22:15:09.887,17.0,56.7,536,-48.2041,22.0259,Right,Tilt Down
22:15:09.947,16.7,57.6,536,-48.5071,22.6459,Right,Stable
22:15:10.000,18.7,51.4,536,-48.7690,22.7838,Right,Stable
22:15:10.051,19.6,48.1,536,-49.1536,23.5508,Forward,Counter-Clockwise
22:15:10.103,19.3,49.2,536,-48.9337,22.9269,Right,Stable
22:15:10.158,18.3,52.7,536,-48.8360,23.8463,Forward,Stable
22:15:10.211,18.7,50.6,536,-48.6687,24.8176,Forward,Counter-Clockwise
22:15:10.266,18.2,51.7,536,-48.9364,24.3879,Up,Stable
22:15:10.326,16.7,57.3,536,-48.7913,23.9409,Up,Stable
22:15:10.380,18.7,50.5,536,-48.7438,23.2276,Right,Tilt Up
22:15:10.441,16.3,58.5,536,-48.7090,23.5780,Right,Stable
22:15:10.495,18.5,51.8,536,-48.7043,23.7859,Right,Stable
22:15:10.549,18.5,51.0,536,-49.5200,24.3254,Forward,Stable
22:15:10.608,16.9,55.7,536,-49.7323,24.2736,Right,Tilt Up
22:15:10.664,18.1,53.0,536,-49.5817,23.5476,Forward,Counter-Clockwise
22:15:10.726,16.1,59.8,536,-49.6054,23.2382,Forward,Stable
22:15:10.788,16.2,59.3,536,-50.5970,23.3547,Right,Stable
22:15:10.847,17.0,56.6,536,-51.5614,23.2721,Right,Stable
22:15:10.910,15.7,59.9,536,-52.5006,23.5188,Right,Stable
22:15:10.972,16.1,58.1,536,-52.9869,23.8460,Right,Tilt Down
22:15:11.031,17.0,56.6,536,-52.5096,22.9685,Up,Pan Left
22:15:11.088,17.5,54.7,536,-51.9002,22.2418,Right,Stable
22:15:11.145,17.4,54.6,536,-51.1972,21.6632,Right,Tilt Up
22:15:11.204,17.1,56.4,536,-52.0317,22.1969,Forward,Stable
22:15:11.263,17.0,56.6,536,-52.1638,21.2372,Up,Pan Right
22:15:11.323,16.5,58.3,536,-51.9477,20.5975,Right,Tilt Down
22:15:11.383,16.9,56.8,536,-51.4306,20.9898,Right,Stable
22:15:11.446,15.8,60.6,536,-50.9703,21.1989,Right,Tilt Down
22:15:11.501,18.2,52.6,536,-51.7355,20.9216,Forward,Stable
22:15:11.563,16.1,58.9,536,-51.5911,20.0141,Right,Stable
22:15:11.620,17.5,54.8,536,-51.8890,20.7657,Up,Stable
22:15:11.676,17.8,52.9,536,-51.4121,19.9016,Right,Tilt Down
22:15:11.738,16.1,58.0,536,-50.9310,20.4969,Forward,Counter-Clockwise
22:15:11.792,18.6,51.3,536,-51.8964,20.2365,Up,Pan Left
22:15:11.853,16.4,57.5,536,-51.6466,20.1179,Right,Tilt Up
22:15:11.913,16.7,57.8,536,-51.7010,20.3964,Forward,Stable
22:15:11.972,16.7,57.6,536,-52.0909,19.6318,Up,Pan Right
22:15:12.029,17.5,54.9,536,-51.5927,19.7159,Right,Stable
22:15:12.085,17.9,53.1,536,-52.4675,19.2387,Forward,Stable
22:15:12.146,16.5,57.5,536,-52.1303,19.4290,Right,Tilt Up
22:15:12.206,16.6,58.0,536,-52.9892,19.9259,Forward,Clockwise
22:15:12.265,17.0,56.7,536,-53.4522,19.5527,Right,Stable
22:15:12.325,16.6,57.5,536,-53.8427,19.0053,Right,Stable
22:15:12.389,15.7,61.6,536,-54.3812,19.4086,Right,Tilt Down
22:15:12.448,17.0,56.7,536,-54.0898,20.3182,Up,Pan Left
22:15:12.511,15.8,61.2,536,-54.4428,19.9653,Right,Stable
22:15:12.568,17.7,54.2,536,-54.7217,20.9045,Forward,Counter-Clockwise
22:15:12.631,15.9,59.6,536,-55.0798,21.7187,Forward,Counter-Clockwise
22:15:12.692,16.4,58.7,536,-55.8558,21.7117,Right,Stable
22:15:12.748,17.7,53.9,536,-56.6571,21.1252,Up,Stable
22:15:12.801,19.1,49.3,536,-56.8363,20.4355,Up,Stable
22:15:12.854,18.6,50.3,536,-57.6949,20.3137,Right,Stable
22:15:12.918,15.8,59.7,536,-58.1376,21.1226,Forward,Stable
22:15:12.973,17.9,53.6,536,-58.5001,21.6047,Right,Tilt Down
22:15:13.034,16.5,57.6,536,-59.3083,21.0158,Right,Tilt Up
22:15:13.093,16.8,57.2,536,-59.3149,21.8653,Forward,Clockwise
22:15:13.148,18.4,51.2,536,-59.4231,22.6775,Forward,Clockwise
22:15:13.201,18.8,51.1,536,-60.1295,23.3658,Right,Tilt Up
22:15:13.255,18.5,50.8,536,-60.3430,24.2024,Up,Pan Left
22:15:13.314,17.1,54.8,536,-60.6432,25.1252,Right,Stable
22:15:13.366,19.0,49.9,536,-61.3444,25.5696,Right,Stable
22:15:13.424,17.4,54.4,536,-61.8119,26.2020,Right,Tilt Down
22:15:13.476,18.9,50.0,536,-61.9665,25.6525,Right,Stable
22:15:13.539,16.0,58.4,536,-62.4825,25.3450,Right,Tilt Down
22:15:13.596,17.4,55.2,536,-61.9336,25.4823,Forward,Clockwise
22:15:13.651,18.2,52.7,536,-62.6148,25.9433,Forward,Stable
22:15:13.710,17.1,54.8,536,-62.1370,26.7722,Up,Stable
22:15:13.769,16.9,55.6,536,-62.5443,26.8669,Right,Tilt Down
22:15:13.829,16.7,57.7,536,-62.6638,25.8921,Forward,Counter-Clockwise
22:15:13.888,16.9,57.1,536,-62.2251,25.2340,Forward,Clockwise
22:15:13.941,18.9,51.0,536,-61.6716,26.0669,Right,Stable
22:15:14.004,15.9,60.0,536,-61.7616,26.2612,Forward,Counter-Clockwise
22:15:14.067,15.8,60.2,536,-62.4737,26.7470,Right,Tilt Down
22:15:14.127,16.6,58.2,536,-63.4011,26.7543,Right,Tilt Down
22:15:14.192,15.4,62.5,536,-64.3143,26.7030,Forward,Clockwise
22:15:14.257,15.5,60.9,536,-63.8613,26.4851,Forward,Counter-Clockwise
22:15:14.309,19.2,50.4,536,-63.3370,25.6652,Up,Stable
22:15:14.367,17.1,55.3,536,-62.5986,24.9934,Up,Stable
22:15:14.422,18.3,52.1,536,-62.0778,24.1696,Right,Stable
22:15:14.474,19.0,49.8,536,-62.1115,23.3569,Right,Stable
22:15:14.539,15.4,62.5,536,-62.0857,23.2197,Forward,Clockwise
22:15:14.597,17.4,55.1,536,-61.4913,23.3074,Right,Tilt Down
22:15:14.652,18.2,51.6,536,-61.8641,24.2125,Up,Pan Right
22:15:14.713,16.3,59.0,536,-62.4005,23.5254,Forward,Counter-Clockwise
22:15:14.769,17.8,54.0,536,-61.6750,23.8379,Right,Stable
22:15:14.834,15.4,62.7,536,-60.9757,24.1372,Right,Stable
22:15:14.896,16.1,60.0,536,-60.7007,23.7485,Up,Stable
22:15:14.952,18.1,52.9,536,-60.4278,23.3396,Up,Stable
22:15:15.011,16.9,57.1,536,-61.2497,22.7830,Up,Pan Left
22:15:15.075,15.8,60.1,536,-62.0559,23.3624,Forward,Stable
22:15:15.125,19.9,47.9,536,-61.8507,23.3993,Right,Tilt Down
22:15:15.186,16.2,58.4,536,-60.8674,23.4470,Right,Tilt Down
22:15:15.247,16.4,58.8,536,-59.8715,23.4620,Right,Stable
22:15:15.300,18.8,50.9,536,-60.5590,23.7008,Up,Stable
22:15:15.356,18.1,52.5,536,-59.6590,23.5431,Right,Tilt Up
22:15:15.418,16.0,59.0,536,-59.0625,23.7999,Right,Tilt Down
22:15:15.479,16.5,58.3,536,-59.1332,23.5613,Right,Tilt Down
22:15:15.536,17.5,54.8,536,-59.4738,23.9513,Up,Pan Left
22:15:15.594,17.3,55.6,536,-60.2783,24.5082,Right,Tilt Up
22:15:15.645,19.5,47.6,536,-59.4263,24.9155,Up,Stable
22:15:15.696,19.4,49.4,536,-59.1077,23.9882,Right,Stable
22:15:15.759,16.0,58.9,536,-58.4485,23.2927,Up,Pan Left
22:15:15.820,16.3,59.1,536,-58.7646,24.2401,Up,Stable
22:15:15.884,15.6,61.7,536,-58.7854,23.5926,Backward,Stable
22:15:15.946,16.0,60.1,536,-58.6097,24.4987,Right,Stable
22:15:16.004,17.2,54.5,536,-59.4216,25.0617,Up,Pan Right
22:15:16.073,14.6,65.2,536,-59.9325,24.4782,Right,Tilt Down
22:15:16.133,16.6,58.0,536,-60.9278,24.5737,Right,Tilt Down
22:15:16.193,16.6,57.9,536,-61.5734,23.9090,Forward,Stable
22:15:16.254,16.2,59.7,536,-61.5591,23.4537,Right,Stable
22:15:16.312,17.3,55.0,536,-61.3530,24.4272,Backward,Stable
22:15:16.368,18.0,53.5,536,-61.8745,23.6390,Forward,Clockwise
22:15:16.434,15.0,63.1,536,-61.5611,23.2396,Right,Stable
22:15:16.493,17.0,56.7,536,-60.7198,23.0652,Forward,Stable
22:15:16.555,16.1,59.9,536,-60.8790,22.2843,Right,Tilt Down
22:15:16.615,16.7,57.5,536,-61.0451,21.2985,Backward,Stable
22:15:16.682,14.9,65.1,536,-60.9150,22.1882,Forward,Stable
22:15:16.743,16.6,57.8,536,-60.4463,22.9941,Forward,Stable
22:15:16.805,16.0,60.4,536,-61.0698,23.4184,Right,Tilt Up
22:15:16.864,17.0,56.2,536,-60.9418,22.4283,Forward,Stable
22:15:16.919,17.9,52.9,536,-61.1787,22.8841,Up,Pan Left
22:15:16.978,17.2,55.7,536,-61.9135,23.5500,Forward,Counter-Clockwise
22:15:17.034,17.9,53.4,536,-61.2813,24.2048,Forward,Stable
22:15:17.092,17.3,54.2,536,-61.6729,24.9211,Right,Stable
22:15:17.146,18.5,51.4,536,-61.9624,25.7823,Right,Stable
22:15:17.203,17.4,54.0,536,-62.0599,26.7040,Right,Stable
22:15:17.265,16.2,59.3,536,-62.6778,26.8293,Right,Stable
22:15:17.326,16.4,58.5,536,-62.0967,26.1651,Up,Stable
22:15:17.388,16.1,59.8,536,-62.6696,26.9243,Right,Stable
22:15:17.442,18.2,52.6,536,-63.0278,27.6320,Right,Tilt Up
22:15:17.502,16.7,57.8,536,-63.5830,26.8157,Right,Tilt Up
22:15:17.559,17.7,54.4,536,-64.4362,27.3347,Right,Stable
22:15:17.614,18.1,52.3,536,-65.3596,27.4244,Up,Stable
22:15:17.669,18.4,51.7,536,-65.0638,28.2802,Forward,Stable
22:15:17.729,16.5,57.5,536,-65.1305,29.0049,Right,Stable
22:15:17.788,17.0,56.8,536,-64.7385,29.6880,Forward,Clockwise
22:15:17.842,18.4,52.0,536,-64.1386,30.4616,Right,Tilt Up
22:15:17.900,17.4,54.6,536,-64.8408,30.1232,Forward,Clockwise
22:15:17.956,17.8,53.2,536,-65.4152,30.7490,Backward,Stable
22:15:18.016,16.8,56.1,536,-65.9832,30.0744,Right,Stable
22:15:18.079,15.8,60.9,536,-66.2740,29.1695,Right,Tilt Up
22:15:18.134,18.0,53.3,536,-66.5006,30.0661,Right,Stable
22:15:18.196,16.3,58.1,536,-66.9133,30.9009,Right,Stable
22:15:18.257,16.2,59.0,536,-66.4001,31.2989,Forward,Stable
22:15:18.310,19.0,49.7,536,-66.1174,31.9469,Forward,Stable
22:15:18.370,16.6,56.9,536,-66.8362,32.3137,Right,Stable
22:15:18.433,16.0,60.3,536,-66.8121,33.3114,Right,Tilt Up
22:15:18.494,16.4,59.0,536,-67.7013,33.0213,Backward,Stable
22:15:18.548,18.6,51.5,536,-67.0004,32.3835,Right,Stable
22:15:18.600,19.0,50.8,536,-67.6614,32.3197,Up,Stable
22:15:18.659,16.9,55.7,536,-66.9359,31.6979,Right,Stable
22:15:18.721,16.1,59.8,536,-67.0350,30.7913,Right,Stable
22:15:18.782,16.4,57.2,536,-66.4104,30.1334,Right,Tilt Up
22:15:18.844,16.3,59.2,536,-65.6477,30.4143,Right,Stable
22:15:18.902,17.1,56.4,536,-65.0056,31.1094,Right,Tilt Down
22:15:18.959,17.5,55.4,536,-64.3206,30.5198,Right,Stable
22:15:19.021,16.2,59.6,536,-63.5293,30.0704,Right,Stable
22:15:19.082,16.4,58.7,536,-62.8309,30.1218,Right,Stable
22:15:19.144,16.2,59.4,536,-62.3581,29.3865,Up,Stable
22:15:19.201,17.3,55.5,536,-61.6317,28.9224,Right,Tilt Down
22:15:19.257,17.9,53.7,536,-60.9913,28.5339,Forward,Counter-Clockwise
22:15:19.317,16.8,57.1,536,-61.8730,28.7883,Right,Tilt Up
22:15:19.376,16.9,57.0,536,-62.1164,27.8624,Up,Pan Right
22:15:19.435,17.0,56.1,536,-61.6533,28.7487,Right,Tilt Down
22:15:19.497,16.0,60.2,536,-60.8299,28.2881,Right,Stable
22:15:19.552,18.2,53.0,536,-60.0219,27.7511,Right,Tilt Down
22:15:19.614,16.3,59.2,536,-60.2297,28.5599,Right,Tilt Up
22:15:19.675,16.3,59.2,536,-61.0030,27.9259,Right,Tilt Up
22:15:19.728,18.9,50.6,536,-61.7898,27.8423,Forward,Counter-Clockwise
22:15:19.783,18.0,52.3,536,-60.9633,27.8135,Right,Tilt Down
22:15:19.831,20.8,45.8,536,-60.0607,28.2151,Right,Stable
22:15:19.888,17.5,54.0,536,-59.6793,28.8005,Right,Tilt Up
22:15:19.949,16.4,58.6,536,-59.8322,28.9399,Forward,Stable
22:15:20.011,16.3,59.2,536,-58.8427,29.0835,Right,Tilt Up
22:15:20.071,16.7,57.7,536,-59.7384,29.3669,Forward,Stable
22:15:20.132,16.2,59.4,536,-59.7093,30.3449,Up,Stable
22:15:20.192,16.9,57.3,536,-59.5606,31.3336,Right,Tilt Down
22:15:20.252,16.4,58.7,536,-59.1696,31.0652,Right,Tilt Up
22:15:20.310,17.3,54.2,536,-58.4450,30.8551,Right,Stable
22:15:20.369,17.0,56.4,536,-58.7187,30.1737,Up,Stable
22:15:20.432,16.0,60.5,536,-58.6048,30.9938,Forward,Counter-Clockwise
22:15:20.493,16.2,59.5,536,-59.5935,31.0131,Right,Tilt Down
22:15:20.543,20.0,47.9,536,-60.2483,31.1045,Right,Tilt Up
22:15:20.609,15.4,61.1,536,-60.6626,31.8788,Right,Stable
22:15:20.667,17.1,56.3,536,-61.2561,32.5813,Right,Stable
22:15:20.729,16.2,59.5,536,-61.6924,32.2002,Up,Stable
22:15:20.781,19.0,50.5,536,-62.2474,32.8954,Right,Tilt Down
22:15:20.841,16.7,56.9,536,-62.9188,32.1793,Right,Tilt Up
22:15:20.900,17.1,56.3,536,-62.5220,33.0491,Forward,Stable
22:15:20.960,16.5,58.6,536,-62.3774,33.8431,Forward,Stable
22:15:21.016,17.9,53.6,536,-62.3599,34.3445,Up,Pan Left
22:15:21.069,18.9,49.8,536,-62.1759,33.9165,Forward,Clockwise
22:15:21.128,16.9,57.0,536,-62.2996,33.1007,Right,Tilt Down
22:15:21.182,18.8,51.0,536,-62.2641,33.4926,Right,Tilt Down
22:15:21.240,17.2,54.6,536,-63.1000,33.1933,Forward,Counter-Clockwise
22:15:21.303,15.7,60.1,536,-62.7157,32.7409,Right,Stable
22:15:21.355,19.5,48.3,536,-62.2329,32.8475,Right,Tilt Up
22:15:21.408,18.8,50.2,536,-61.7097,33.6717,Right,Stable
22:15:21.465,17.5,53.7,536,-62.5516,33.7214,Backward,Clockwise
22:15:21.524,16.9,55.8,536,-61.6714,34.1550,Forward,Clockwise
22:15:21.579,18.3,53.0,536,-62.5987,34.1278,Forward,Stable
22:15:21.643,15.7,61.8,536,-63.4862,33.6687,Forward,Stable
22:15:21.694,19.5,48.9,536,-63.2394,33.6118,Right,Stable
22:15:21.746,19.2,49.2,536,-63.6328,32.6924,Up,Stable
22:15:21.799,18.7,49.8,536,-63.4569,32.7659,Right,Stable
22:15:21.855,17.9,52.3,536,-63.1379,32.4324,Right,Stable
22:15:21.918,15.8,61.3,536,-63.2543,31.5102,Up,Pan Left
22:15:21.978,16.8,57.3,536,-62.6235,31.5238,Forward,Clockwise
22:15:22.046,14.7,65.5,536,-63.2041,31.1111,Forward,Clockwise
22:15:22.110,15.7,61.5,536,-63.5893,31.9325,Right,Stable
22:15:22.169,16.7,57.6,536,-62.6512,31.8774,Forward,Counter-Clockwise
22:15:22.229,16.7,57.6,536,-63.1228,32.5569,Forward,Stable
22:15:22.288,17.0,56.7,536,-63.0563,31.8762,Backward,Stable
22:15:22.351,16.0,59.4,536,-62.9983,32.5502,Up,Clockwise
22:15:22.412,16.3,59.2,535,-62.9433,32.1472,Backward,Stable
22:15:22.477,15.3,63.1,535,-63.4878,31.8576,Up,Stable
22:15:22.541,15.7,61.4,535,-63.6770,32.6117,Left,Stable
22:15:22.606,15.4,62.8,535,-63.6033,33.3821,Forward,Clockwise
22:15:22.671,15.5,62.4,535,-62.9982,32.6735,Backward,Stable
22:15:22.733,16.0,59.7,535,-62.5884,31.8980,Backward,Stable
22:15:22.790,17.8,53.7,535,-63.0220,32.7492,Forward,Stable
22:15:22.851,16.4,58.5,535,-62.6057,31.8964,Backward,Stable
22:15:22.906,18.0,53.8,535,-62.2767,31.0258,Backward,Stable
22:15:22.972,15.2,62.4,535,-62.1950,30.1658,Right,Stable
22:15:23.030,17.3,55.0,535,-62.7951,30.7290,Forward,Stable
22:15:23.090,16.6,56.6,535,-63.4262,31.3536,Forward,Stable
22:15:23.155,15.4,61.2,535,-63.1376,31.3632,Right,Stable
22:15:23.213,17.2,55.8,535,-62.4409,30.6942,Backward,Stable
22:15:23.260,21.3,38.2,535,-63.1491,31.3555,Forward,Stable
22:15:23.303,23.3,39.3,535,-62.5619,31.5579,Up,Stable
22:15:23.345,23.3,39.0,535,-63.2647,32.2225,Forward,Counter-Clockwise
22:15:23.390,22.4,41.9,535,-63.7771,31.6590,Right,Stable
22:15:23.426,28.3,32.5,535,-63.4283,32.5962,Forward,Stable
22:15:23.469,23.0,40.4,535,-63.0656,33.5278,Forward,Stable
22:15:23.504,28.9,31.9,535,-63.6293,33.7825,Right,Tilt Up
